datetime,word,hint,won,difficulty,total_attempts,used_attempts,correct_guessed_letters,incorrect_guessed_letters,correct_guesses,incorrect_guesses,time_taken,game_name,clicks_on_guess,category,sub_category,id_game,list_of_typed_letters
2025-05-01T08:48:23,cramped,,False,1.0,6,6,c,"o,l,q,s,f,w",,,,hangman,,,,,
2025-05-01T08:48:44,clean,,True,0.0,6,0,"c,l,e,a,n",,,,,hangman,,,,,
2025-05-01T09:00:43,noisy,,True,0.0,6,0,"n,o,i,s,y",,,,12.17,hangman,,,,,
2025-05-01T09:01:24,dusty,,True,0.67,6,4,"d,u,s,t,y","r,i,e,p",,,39.73,hangman,,,,,
2025-05-01T09:02:01,contemporary,,True,0.0,6,0,"c,o,n,t,e,m,p,o,r,a,r,y",,,,34.69,hangman,,,,,
2025-05-01T09:02:09,comfortable,,True,0.0,6,0,"c,o,m,f,o,r,t,a,b,l,e",,,,7.62,hangman,,,,,
2025-05-01T09:02:19,quiet,,True,0.0,6,0,"q,u,i,e,t",,,,8.49,hangman,,,,,
2025-05-01T09:02:36,cozy,,True,0.0,6,0,"c,o,z,y",,,,15.45,hangman,,,,,
2025-05-01T09:02:54,messy,,False,1.0,6,6,,"z,g,c,b,d,a",,,16.13,hangman,,,,,
2025-05-01T09:05:54,uncomfortable,,True,0.33,6,2,"u,n,c,o,m,f,o,r,t,a,b,l,e","d,i",,,23.77,hangman,,,,,
2025-05-01T10:31:34,clean,limpo,True,0.0,6,0,"c,l,e,a,n",,,,5,hangman,,,,,
2025-05-01T10:31:45,cozy,acolhedor,False,1.0,6,6,"c,z","x,n,m,b,v,a",,,10,hangman,,,,,
2025-05-01T10:32:25,noisy,ruidoso,True,0.0,6,0,"n,o,i,s,y",,,,38,hangman,,,,,
2025-05-01T10:32:42,temporary,temporário,False,1.0,6,6,a,"x,z,n,c,b,v",,,14,hangman,,,,,
2025-05-01T11:15:42,uncomfortable,desconfortável,True,0.0,6,0,"u,n,c,o,m,f,o,r,t,a,b,l,e",,,,0,hangman,,,,,
2025-05-01T11:16:06,abandoned,abandonado,True,0.17,6,1,"a,b,a,n,d,o,n,e,d",m,,,0,hangman,,,,,
2025-05-01T11:20:43,provincial,provincial,True,0.0,6,0,"p,r,o,v,i,n,c,i,a,l",,,,9.002966403961182,hangman,,,,,
2025-05-01T11:21:10,messy,desarrumado,True,0.5,6,3,"m,e,s,s,y","d,a,r",,,14.0043466091156,hangman,,,,,
2025-05-01T11:22:36,spacious,espaçoso,True,0.33,6,2,"s,p,a,c,i,o,u,s","h,e",,,85.02545428276062,hangman,,,,,
2025-05-01T11:23:02,uncomfortable,desconfortável,True,0.0,6,0,"u,n,c,o,m,f,o,r,t,a,b,l,e",,,,23.006908416748047,hangman,,,,,
2025-05-01T11:23:23,temporary,temporário,True,0.0,6,0,"t,e,m,p,o,r,a,r,y",,,,10.00292181968689,hangman,,,,,
2025-05-01T11:24:36,dusty,empoeirado,True,0.83,6,5,"d,u,s,t,y","z,o,a,i,r",,,70.02144765853882,hangman,,,,,
2025-05-01T11:25:14,cramped,apertado,True,0.67,6,4,"c,r,a,m,p,e,d","h,n,y,t",,,35.01025176048279,hangman,,,,,
2025-05-01T11:25:46,quiet,silencioso,True,0.0,6,0,"q,u,i,e,t",,,,8.002238273620605,hangman,,,,,
2025-05-01T11:26:17,|uxurious,IuXuoso,False,1.0,6,6,"u,x,u,i,o,u,s","b,z,y,l,v,c",,,30.009848594665527,hangman,,,,,
2025-05-01T11:26:28,cozy,acolhedor,True,0.0,6,0,"c,o,z,y",,,,5.001885652542114,hangman,,,,,
2025-05-01T11:26:48,contemporary,contemporâneo,True,0.0,6,0,"c,o,n,t,e,m,p,o,r,a,r,y",,,,18.006763458251953,hangman,,,,,
2025-05-01T11:26:53,clean,limpo,True,0.0,6,0,"c,l,e,a,n",,,,4.001095771789551,hangman,,,,,
2025-05-01T11:27:04,comfortable,confortável,True,0.17,6,1,"c,o,m,f,o,r,t,a,b,l,e",n,,,8.0025634765625,hangman,,,,,
2025-05-01T11:27:10,noisy,ruidoso,True,0.0,6,0,"n,o,i,s,y",,,,5.001431941986084,hangman,,,,,
2025-05-01T11:27:16,abandoned,abandonado,True,0.17,6,1,"a,b,a,n,d,o,n,e,d",m,,,4.0010740756988525,hangman,,,,,
2025-05-01T11:33:22,contemporary,contemporâneo,True,0.0,6,0,"c,o,n,t,e,m,p,o,r,a,r,y",,,,31.00967788696289,hangman,5,,,,
2025-05-01T11:33:30,dusty,empoeirado,True,0.0,6,0,"d,u,s,t,y",,,,5.002163648605347,hangman,1,,,,
2025-05-01T11:33:38,uncomfortable,desconfortável,True,0.0,6,0,"u,n,c,o,m,f,o,r,t,a,b,l,e",,,,6.001572847366333,hangman,1,,,,
2025-05-01T11:33:46,clean,limpo,True,0.17,6,1,"c,l,e,a,n",m,,,7.003168344497681,hangman,2,,,,
2025-05-01T11:33:52,provincial,provincial,True,0.0,6,0,"p,r,o,v,i,n,c,i,a,l",,,,4.001620769500732,hangman,1,,,,
2025-05-01T11:33:59,temporary,temporário,True,0.0,6,0,"t,e,m,p,o,r,a,r,y",,,,5.001616477966309,hangman,1,,,,
2025-05-01T11:34:04,noisy,ruidoso,True,0.0,6,0,"n,o,i,s,y",,,,4.001323699951172,hangman,1,,,,
2025-05-01T11:34:35,spacious,espaçoso,True,0.0,6,0,"s,p,a,c,i,o,u,s",,,,29.010404348373413,hangman,6,,,,
2025-05-01T11:34:44,comfortable,confortável,True,0.0,6,0,"c,o,m,f,o,r,t,a,b,l,e",,,,7.002421140670776,hangman,1,,,,
2025-05-01T11:35:02,cramped,apertado,True,0.17,6,1,"c,r,a,m,p,e,d",s,,,17.02079701423645,hangman,3,,,,
2025-05-01T11:35:19,furnished,mobilado,False,1.0,6,6,"h,e,d","w,z,o,a,g,m",,,16.005220413208008,hangman,8,,,,
2025-05-01T11:35:42,messy,desarrumado,True,0.67,6,4,"m,e,s,s,y","a,r,d,u",,,18.011816024780273,hangman,8,,,,
2025-05-01T11:35:49,quiet,silencioso,True,0.0,6,0,"q,u,i,e,t",,,,5.029746055603027,hangman,1,,,,
2025-05-01T11:39:43,|uxurious,IuXuoso,False,1.0,6,6,x,"b,z,n,c,v,m",,,233.07482957839966,hangman,18,,,,
2025-05-01T11:40:15,cozy,acolhedor,True,0.0,6,0,"c,o,z,y",,,,30.010117053985596,hangman,1,,,,
2025-05-01T11:40:58,abandoned,abandonado,True,0.0,6,0,"a,b,a,n,d,o,n,e,d",,,,31.011847734451294,hangman,1,,,,
2025-05-01T12:02:29,contemporary,contemporâneo,True,0.0,6,0,"c,o,n,t,e,m,p,o,r,a,r,y",,,,13.003796100616455,hangman,8,casa,descrição_da_casa,,
2025-05-01T13:01:09,hourglass,a ampulheta,False,1.0,6,6,"h,u,r,l,a","x,t,f,p,m,e",,,48.01766610145569,hangman,11,casa,decoração,,
2025-05-01T13:02:52,statuette,a estatueta,False,1.0,6,6,"s,t,a,t,e,t,t,e","w,y,o,l,h,i",,,58.02127933502197,hangman,11,casa,decoração,,
2025-05-01T13:08:26,bedding,a roupa de cama,False,1.0,6,6,"b,e,d,d","s,l,u,a,c,r",,,53.018383264541626,hangman,9,casa,decoração,,
2025-05-01T13:08:52,frame,a moldura,False,1.0,6,6,"a,e","s,d,h,q,p,u",,,20.007145404815674,hangman,4,casa,decoração,,
2025-05-01T13:09:51,candle,a vela,False,1.0,6,6,"a,d,l,e","s,o,h,v,g,j",,,53.01950645446777,hangman,10,casa,decoração,,
2025-05-01T13:14:42,tinsel,a grinalda | ouropel,False,1.0,6,6,"t,i,s","b,y,o,h,a,r",,,63.02191090583801,hangman,9,casa,decoração,,
2025-05-01T13:18:39,drapes,as cortinas | cortinas,False,1.0,6,6,"r,a,p,e,s","w,o,l,h,g,c",,,120.0420331954956,hangman,12,casa,decoração,,
2025-05-01T13:18:54,hourglass,a ampulheta | ampulheta,True,0.0,6,0,"h,o,u,r,g,l,a,s,s",,,,9.002668142318726,hangman,1,casa,decoração,,
2025-05-01T13:19:09,statuette,a estatueta | estatueta,True,0.0,6,0,"s,t,a,t,u,e,t,t,e",,,,12.004294157028198,hangman,4,casa,decoração,,
2025-05-01T13:20:01,towel,a toalha | toalha,False,1.0,6,6,"t,o,l","s,f,y,h,a,r",,,46.01797127723694,hangman,9,casa,decoração,,
2025-05-01T13:20:34,ornament,o ornamento | ornamento,True,0.0,6,0,"o,r,n,a,m,e,n,t",,,,25.008634567260742,hangman,6,casa,decoração,,
2025-05-01T13:22:17,tablecloth,a toalha de mesa | Tocada de mesa,True,0.5,6,3,"t,a,b,l,e,c,l,o,t,h","s,w,y",,,69.02464842796326,hangman,13,casa,decoração,,
2025-05-01T13:22:57,towel,a toalha | toalha,True,0.0,6,0,"t,o,w,e,l",,,,7.00302529335022,hangman,1,casa,decoração,,
2025-05-01T13:23:24,napkin,o guardanapo | guardanapo,False,1.0,6,6,a,"t,z,o,q,g,r",,,23.007771730422974,hangman,7,casa,decoração,,
2025-05-01T13:23:45,napkin,o guardanapo | guardanapo,True,0.0,6,0,"n,a,p,k,i,n",,,,10.003811120986938,hangman,1,casa,decoração,,
2025-05-01T13:25:13,flowerpot,O Vaso | Flowerpot,False,1.0,6,6,"f,o,w,r,p,o,t","s,x,z,a,u,c",,,83.02886962890625,hangman,12,casa,decoração,,
2025-05-01T13:37:52,tablecloth,a toalha de mesa,True,0.0,6,0,"t,a,b,l,e,c,l,o,t,h",,,,20.014881372451782,hangman,4,casa,decoração,,
2025-05-01T13:39:23,flowerpot,O Vaso,False,1.0,6,6,"f,l,o,w,e,r,o","s,b,d,h,a,i",,,89.03109169006348,hangman,9,casa,decoração,,
2025-05-01T13:42:20,towel,a toalha,True,0.17,6,1,"t,o,w,e,l",f,,,12.003615140914917,hangman,2,casa,decoração,,
2025-05-01T13:42:41,blanket,o cobertor,False,1.0,6,6,l,"s,w,f,o,c,r",,,19.006494283676147,hangman,7,casa,decoração,,
2025-05-01T13:50:24,candlestick,o castiçal,True,0.67,6,4,"c,a,n,d,l,e,s,t,i,c,k","h,w,y,r",,,71.02587914466858,hangman,13,casa,decoração,,
2025-05-01T13:50:37,bedding,a roupa de cama,True,0.0,6,0,"b,e,d,d,i,n,g",,,,8.003089427947998,hangman,3,casa,decoração,,
2025-05-01T13:51:23,blanket,o cobertor,True,0.33,6,2,"b,l,a,n,k,e,t","i,d",,,45.015376329422,hangman,8,casa,decoração,,
2025-05-01T13:51:33,vase,O Vaso,True,0.0,6,0,"v,a,s,e",,,,8.003444194793701,hangman,4,casa,decoração,,
2025-05-01T13:51:58,tablecloth,a toalha de mesa,True,0.0,6,0,"t,a,b,l,e,c,l,o,t,h",,,,22.00801181793213,hangman,7,casa,decoração,,
2025-05-01T13:52:20,ornament,o ornamento,True,0.0,6,0,"o,r,n,a,m,e,n,t",,,,4.001340627670288,hangman,1,casa,decoração,,
2025-05-01T13:52:41,napkin,o guardanapo,False,1.0,6,6,"k,i","s,t,q,h,u,ç",,,19.008060216903687,hangman,8,casa,decoração,,
2025-05-01T13:52:59,flowerpot,O Vaso,True,0.0,6,0,"f,l,o,w,e,r,p,o,t",,,,13.005004167556763,hangman,2,casa,decoração,,
2025-05-01T13:53:30,carpet,o tapete,True,0.17,6,1,"c,a,r,p,e,t",h,,,29.010955810546875,hangman,6,casa,decoração,,
2025-05-01T13:53:41,hourglass,a ampulheta,True,0.0,6,0,"h,o,u,r,g,l,a,s,s",,,,9.003243446350098,hangman,1,casa,decoração,,
2025-05-01T13:54:20,pillowcase,a fronha,False,1.0,6,6,"o,a,s","t,f,n,h,v,r",,,37.015275955200195,hangman,10,casa,decoração,,
2025-05-01T13:54:55,decoration,a decoração,True,0.17,6,1,"d,e,c,o,r,a,t,i,o,n",m,,,28.018304109573364,hangman,8,casa,decoração,,
2025-05-01T13:56:10,drapes,as cortinas,False,1.0,6,6,"d,r,a,e,s","w,t,z,l,h,i",,,73.03782939910889,hangman,11,casa,decoração,,
2025-05-01T13:56:35,candle,a vela,True,0.0,6,0,"c,a,n,d,l,e",,,,12.003730058670044,hangman,1,casa,decoração,,
2025-05-01T13:56:55,wallpaper,o papel de parede,True,0.0,6,0,"w,a,l,l,p,a,p,e,r",,,,18.006181478500366,hangman,3,casa,decoração,,
2025-05-01T13:57:03,napkin,o guardanapo,True,0.0,6,0,"n,a,p,k,i,n",,,,6.002365827560425,hangman,1,casa,decoração,,
2025-05-01T13:57:49,bedsheet,o lençol,False,1.0,6,6,"b,e,d,s,e,e","z,q,a,k,c,r",,,45.01563286781311,hangman,8,casa,decoração,,
2025-05-01T14:02:19,candle,a vela,True,0.0,6,0,"c,a,n,d,l,e",,,,21.00828742980957,hangman,1,casa,decoração,,
2025-05-01T14:03:43,window shade,a persiana,True,0.67,6,4,"w,i,n,d,o,w,s,h,a,d,e","q,y,c,r",,,82.03590440750122,hangman,15,casa,decoração,,
2025-05-01T14:04:17,tinsel,a grinalda,False,1.0,6,6,"t,s,e","f,d,o,h,q,p",,,29.00953960418701,hangman,9,casa,decoração,,
2025-05-01T14:04:58,candlestick,o castiçal,True,0.33,6,2,"c,a,n,d,l,e,s,t,i,c,k","o,r",,,34.01184892654419,hangman,9,casa,decoração,,
2025-05-01T14:05:11,hourglass,a ampulheta,True,0.0,6,0,"h,o,u,r,g,l,a,s,s",,,,10.00305461883545,hangman,1,casa,decoração,,
2025-05-01T14:05:28,towel,a toalha,True,0.0,6,0,"t,o,w,e,l",,,,16.00611925125122,hangman,1,casa,decoração,,
2025-05-01T14:05:41,tablecloth,a toalha de mesa,True,0.0,6,0,"t,a,b,l,e,c,l,o,t,h",,,,11.003869771957397,hangman,4,casa,decoração,,
2025-05-01T14:05:52,decoration,a decoração,True,0.0,6,0,"d,e,c,o,r,a,t,i,o,n",,,,7.002424955368042,hangman,1,casa,decoração,,
2025-05-01T14:05:59,vase,O Vaso,True,0.0,6,0,"v,a,s,e",,,,4.00146484375,hangman,1,casa,decoração,,
2025-05-01T14:06:22,napkin,o guardanapo,True,0.0,6,0,"n,a,p,k,i,n",,,,21.006710290908813,hangman,4,casa,decoração,,
2025-05-01T14:06:35,pillowcase,a fronha,True,0.0,6,0,"p,i,l,l,o,w,c,a,s,e",,,,12.003978729248047,hangman,1,casa,decoração,,
2025-05-01T14:06:48,frame,a moldura,True,0.5,6,3,"f,r,a,m,e","h,s,p",,,11.004267454147339,hangman,3,casa,decoração,,
2025-05-01T14:07:49,tinsel,a grinalda,False,1.0,6,6,"i,l","f,h,a,g,c,r",,,59.020843505859375,hangman,9,casa,decoração,,
2025-05-01T14:08:18,bedding,a roupa de cama,True,0.17,6,1,"b,e,d,d,i,n,g",s,,,19.00639581680298,hangman,4,casa,decoração,,
2025-05-01T14:08:36,to decorate,decorar,True,0.0,6,0,"t,o,d,e,c,o,r,a,t,e",,,,17.006450653076172,hangman,5,casa,decoração,,
2025-05-01T14:08:59,wallpaper,o papel de parede,True,0.0,6,0,"w,a,l,l,p,a,p,e,r",,,,19.006539821624756,hangman,3,casa,decoração,,
2025-05-01T14:09:06,ornament,o ornamento,True,0.0,6,0,"o,r,n,a,m,e,n,t",,,,5.001861095428467,hangman,1,casa,decoração,,
2025-05-01T14:09:31,wreath,a coroa de flores,False,1.0,6,6,"w,r,e","f,n,o,l,i,g",,,23.00792098045349,hangman,4,casa,decoração,,
2025-05-01T14:09:52,tinsel,a grinalda,True,0.0,6,0,"t,i,n,s,e,l",,,,8.00264859199524,hangman,2,casa,decoração,,
2025-05-01T14:10:03,flowerpot,O Vaso,True,0.0,6,0,"f,l,o,w,e,r,p,o,t",,,,9.003040075302124,hangman,1,casa,decoração,,
2025-05-01T14:10:19,statuette,a estatueta,True,0.0,6,0,"s,t,a,t,u,e,t,t,e",,,,15.00508427619934,hangman,5,casa,decoração,,
2025-05-01T14:10:26,carpet,o tapete,True,0.0,6,0,"c,a,r,p,e,t",,,,4.0016889572143555,hangman,1,casa,decoração,,
2025-05-01T14:12:08,chandelier,o lustre,True,0.67,6,4,"c,h,a,n,d,e,l,i,e,r","m,w,y,b",,,100.06400871276855,hangman,15,casa,decoração,,
2025-05-01T14:12:19,pillow,a almofada,True,0.0,6,0,"p,i,l,l,o,w",,,,9.003462791442871,hangman,2,casa,decoração,,
2025-05-01T14:12:54,blanket,o cobertor,False,1.0,6,6,"b,a,t","s,w,o,d,g,c",,,32.010807037353516,hangman,9,casa,decoração,,
2025-05-01T14:13:12,blanket,o cobertor,True,0.17,6,1,"b,l,a,n,k,e,t",c,,,13.00480341911316,hangman,8,casa,decoração,,
2025-05-01T14:13:29,bedsheet,o lençol,True,0.0,6,0,"b,e,d,s,h,e,e,t",,,,15.005154609680176,hangman,2,casa,decoração,,
2025-05-01T14:14:29,drapes,as cortinas,True,0.17,6,1,"d,r,a,p,e,s",t,,,58.019789695739746,hangman,9,casa,decoração,,
2025-05-01T14:15:07,wreath,a coroa de flores,False,1.0,6,6,"w,r,a","s,n,d,q,i,g",,,35.03361439704895,hangman,10,casa,decoração,,
2025-05-01T14:15:18,wreath,a coroa de flores,True,0.0,6,0,"w,r,e,a,t,h",,,,5.001821756362915,hangman,1,casa,decoração,,
2025-05-01T15:55:46,carpet,o tapete,True,0.0,6,0,"c,a,r,p,e,t",,,,7.001873731613159,hangman,1,casa,decoração,,
2025-05-01T15:55:53,towel,a toalha,True,0.0,6,0,"t,o,w,e,l",,,,5.001209497451782,hangman,1,casa,decoração,,
2025-05-01T15:56:14,window shade,a persiana,True,0.0,6,0,"w,i,n,d,o,w,s,h,a,d,e",,,,19.004432678222656,hangman,2,casa,decoração,,
2025-05-01T15:56:38,candlestick,o castiçal,True,0.0,6,0,"c,a,n,d,l,e,s,t,i,c,k",,,,23.005521774291992,hangman,3,casa,decoração,,
2025-05-01T15:57:25,chandelier,o lustre,True,0.17,6,1,"c,h,a,n,d,e,l,i,e,r",k,,,45.019108295440674,hangman,9,casa,decoração,,
2025-05-01T15:59:13,blanket,o cobertor,False,1.0,6,6,"b,l,a,n,k,e","w,y,o,d,h,m",,,107.02783346176147,hangman,16,casa,decoração,,
2025-05-01T15:59:26,pillowcase,a fronha,True,0.0,6,0,"p,i,l,l,o,w,c,a,s,e",,,,6.001295804977417,hangman,1,casa,decoração,,
2025-05-01T15:59:35,to decorate,decorar,True,0.0,6,0,"t,o,d,e,c,o,r,a,t,e",,,,7.004392862319946,hangman,1,casa,decoração,,
2025-05-01T15:59:52,bedding,a roupa de cama,True,0.0,6,0,"b,e,d,d,i,n,g",,,,7.001854181289673,hangman,1,casa,decoração,,
2025-05-01T15:59:56,vase,O Vaso,True,0.0,6,0,"v,a,s,e",,,,3.0006043910980225,hangman,1,casa,decoração,,
2025-05-01T16:00:03,blanket,o cobertor,True,0.0,6,0,"b,l,a,n,k,e,t",,,,6.001691102981567,hangman,1,casa,decoração,,
2025-05-01T16:00:30,napkin,o guardanapo,True,0.0,6,0,"n,a,p,k,i,n",,,,25.007603406906128,hangman,4,casa,decoração,,
2025-05-01T16:01:38,wreath,a coroa de flores,True,0.33,6,2,"w,r,e,a,t,h","i,d",,,66.01777791976929,hangman,8,casa,decoração,,
2025-05-01T16:01:53,frame,a moldura,True,0.0,6,0,"f,r,a,m,e",,,,10.002324104309082,hangman,1,casa,decoração,,
2025-05-01T16:02:47,tablecloth,a toalha de mesa,True,0.5,6,3,"t,a,b,l,e,c,l,o,t,h","i,y,k",,,53.01208806037903,hangman,8,casa,decoração,,
2025-05-01T16:04:10,drapes,as cortinas,True,0.83,6,5,"d,r,a,p,e,s","w,t,l,h,i",,,81.02153658866882,hangman,12,casa,decoração,,
2025-05-01T16:04:16,pillow,a almofada,True,0.0,6,0,"p,i,l,l,o,w",,,,3.000845432281494,hangman,1,casa,decoração,,
2025-05-01T16:04:27,hourglass,a ampulheta,True,0.0,6,0,"h,o,u,r,g,l,a,s,s",,,,10.002339601516724,hangman,1,casa,decoração,,
2025-05-01T16:04:35,wallpaper,o papel de parede,True,0.0,6,0,"w,a,l,l,p,a,p,e,r",,,,6.001332759857178,hangman,1,casa,decoração,,
2025-05-01T16:04:41,ornament,o ornamento,True,0.0,6,0,"o,r,n,a,m,e,n,t",,,,4.000917673110962,hangman,1,casa,decoração,,
2025-05-01T16:04:50,candle,a vela,True,0.0,6,0,"c,a,n,d,l,e",,,,7.001718997955322,hangman,1,casa,decoração,,
2025-05-01T16:04:59,statuette,a estatueta,True,0.0,6,0,"s,t,a,t,u,e,t,t,e",,,,8.001862525939941,hangman,1,casa,decoração,,
2025-05-01T16:05:08,bedsheet,o lençol,True,0.0,6,0,"b,e,d,s,h,e,e,t",,,,8.00177788734436,hangman,1,casa,decoração,,
2025-05-01T16:05:24,flowerpot,O Vaso,True,0.0,6,0,"f,l,o,w,e,r,p,o,t",,,,12.003145456314087,hangman,1,casa,decoração,,
2025-05-01T16:05:39,decoration,a decoração,True,0.0,6,0,"d,e,c,o,r,a,t,i,o,n",,,,13.002716541290283,hangman,2,casa,decoração,,
2025-05-01T16:06:37,tinsel,a grinalda,False,1.0,6,6,"i,s,l","x,f,q,a,u,v",,,57.01498484611511,hangman,8,casa,decoração,,
2025-05-01T16:06:52,tinsel,a grinalda,True,0.0,6,0,"t,i,n,s,e,l",,,,9.002204895019531,hangman,6,casa,decoração,,
2025-05-01T16:14:53,hourglass,a ampulheta,True,0.5,6,3,"h,o,u,r,g,l,a,s,s","k,e,c",,,26.00795841217041,hangman,3,casa,decoração,,
2025-05-01T16:20:48,hallway,o corredor,True,0.83,6,5,"h,a,l,l,w,a,y","d,o,r,u,f",,,60.01649188995361,hangman,10,casa,divisões,,
2025-05-01T16:22:28,laundry,a lavandaria,False,1.0,6,6,"a,n,d,r,y","k,c,g,o,w,h",,,98.02898216247559,hangman,16,casa,divisões,,
2025-05-01T16:22:42,loft,o loft,True,0.0,6,0,"l,o,f,t",,,,9.00295090675354,hangman,3,casa,divisões,,
2025-05-01T16:23:20,toilet,o banheiro,False,1.0,6,6,e,"b,d,w,r,z,h",,,35.00899028778076,hangman,5,casa,divisões,,
2025-05-01T16:23:35,bedroom,o quarto,True,0.0,6,0,"b,e,d,r,o,o,m",,,,10.00276494026184,hangman,1,casa,divisões,,
2025-05-01T16:25:00,basement,a Cave,False,1.0,6,6,"a,e,e","k,c,d,o,v,y",,,20.005645513534546,hangman,7,casa,divisões,,
2025-05-01T16:27:24,laundry,a lavandaria,False,1.0,6,6,"l,a,n,d,r,y","k,i,q,w,s,h",,,139.04225540161133,hangman,12,casa,divisões,,
2025-05-01T18:49:29,living room,a sala de estar,False,1.0,6,6,"l,r,o,o,m","e,q,a,s,h,x",,,49.01500463485718,hangman,8,casa,divisões,,
2025-05-01T18:50:20,larder,a despensa,False,1.0,6,6,"a,d,e","p,q,t,n,w,s",,,47.01374793052673,hangman,10,casa,divisões,,
2025-05-01T18:50:33,toilet,o banheiro,True,0.33,6,2,"t,o,i,l,e,t","b,a",,,9.002413749694824,hangman,2,casa,divisões,,
2025-05-01T18:50:57,larder,a despensa,True,0.0,6,0,"l,a,r,d,e,r",,,,21.00625777244568,hangman,5,casa,divisões,,
2025-05-01T18:51:03,loft,o loft,True,0.0,6,0,"l,o,f,t",,,,3.0009169578552246,hangman,1,casa,divisões,,
2025-05-01T19:01:42,larder,a despensa,True,0.17,6,1,"l,a,r,d,e,r",y,,,25.007209062576294,hangman,5,casa,divisões,,
2025-05-01T19:02:05,attic,o sótão,False,1.0,6,6,"a,t,t","d,e,o,n,m,l",,,20.005173683166504,hangman,7,casa,divisões,,
2025-05-03T13:13:24,loft,o loft,True,0.0,6,0,"l,o,f,t",,,,8.002779006958008,hangman,1,adjetivos,sobre_as_pessoas,,
2025-05-03T13:13:42,laundry,a lavandaria,True,0.0,6,0,"l,a,u,n,d,r,y",,,,16.005905866622925,hangman,4,adjetivos,sobre_as_pessoas,,
2025-05-03T13:15:00,bedroom,o quarto,True,0.0,6,0,"b,e,d,r,o,o,m",,,,9.002903461456299,hangman,1,adjetivos,sobre_as_pessoas,,
2025-05-03T13:23:02,unknown,desconhecida,True,0.0,6,0,"u,n,k,n,o,w,n",,,,21.007046461105347,hangman,3,adjetivos,sobre_as_pessoas,,
2025-05-03T13:23:28,spontaneous,espontâneo,True,0.0,6,0,"s,p,o,n,t,a,n,e,o,u,s",,,,17.00591516494751,hangman,7,adjetivos,sobre_as_pessoas,,
2025-05-03T13:24:19,unqualified,não qualificado,True,0.17,6,1,"u,n,q,u,a,l,i,f,i,e,d",y,,,49.0176260471344,hangman,8,adjetivos,sobre_as_pessoas,,
2025-05-03T13:24:53,lame,manco,False,1.0,6,6,"a,m","s,o,n,u,j,y",,,30.012069940567017,hangman,8,adjetivos,sobre_as_pessoas,,
2025-05-03T13:25:45,illiterate,analfabeto,False,1.0,6,6,"l,l,t,e,a,t,e","f,b,u,j,p,h",,,47.01738238334656,hangman,6,adjetivos,sobre_as_pessoas,,
2025-05-03T13:27:43,well-known,conhecida,False,1.0,6,6,"w,e,l,l,k,n,o,w,n","c,z,a,h,d,y",,,112.04058051109314,hangman,9,adjetivos,sobre_as_pessoas,,
2025-05-03T13:30:16,irrational,irracional,False,1.0,6,6,"i,r,r,a,i,n,a,l","c,x,s,w,m,h",,,142.05335664749146,hangman,13,adjetivos,sobre_as_pessoas,,
2025-05-03T13:31:19,anonymous,anónimo,True,0.5,6,3,"a,n,o,n,y,m,o,u,s","w,h,i",,,41.01575756072998,hangman,10,adjetivos,sobre_as_pessoas,,
2025-05-03T13:31:27,lame,manco,True,0.0,6,0,"l,a,m,e",,,,5.001777172088623,hangman,1,adjetivos,sobre_as_pessoas,,
2025-05-03T13:31:54,unpopular,impopular,True,0.5,6,3,"u,n,p,o,p,u,l,a,r","e,t,i",,,25.008872032165527,hangman,2,adjetivos,sobre_as_pessoas,,
2025-05-03T13:32:11,irrational,irracional,True,0.0,6,0,"i,r,r,a,t,i,o,n,a,l",,,,13.004774808883667,hangman,1,adjetivos,sobre_as_pessoas,,
2025-05-03T13:33:28,weak,fraco,True,0.83,6,5,"w,e,a,k","s,f,g,u,h",,,75.02797412872314,hangman,9,adjetivos,sobre_as_pessoas,,
2025-05-03T13:34:05,illiterate,analfabeto,True,0.33,6,2,"i,l,l,i,t,e,r,a,t,e","b,y",,,32.01796746253967,hangman,8,adjetivos,sobre_as_pessoas,,
2025-05-03T13:34:25,successful,sucedida,True,0.0,6,0,"s,u,c,c,e,s,s,f,u,l",,,,18.00644326210022,hangman,4,adjetivos,sobre_as_pessoas,,
2025-05-03T13:34:54,able,capaz,False,1.0,6,6,"a,e","c,s,f,k,u,i",,,26.0090548992157,hangman,8,adjetivos,sobre_as_pessoas,,
2025-05-03T13:35:03,crazy,louco,True,0.0,6,0,"c,r,a,z,y",,,,6.002280950546265,hangman,1,adjetivos,sobre_as_pessoas,,
2025-05-03T13:35:09,ironic,irónico,True,0.0,6,0,"i,r,o,n,i,c",,,,4.001467943191528,hangman,1,adjetivos,sobre_as_pessoas,,
2025-05-03T13:35:17,dead,morto,True,0.0,6,0,"d,e,a,d",,,,6.002040147781372,hangman,1,adjetivos,sobre_as_pessoas,,
2025-05-03T13:35:49,qualified,qualificada,True,0.5,6,3,"q,u,a,l,i,f,i,e,d","c,t,y",,,31.010560750961304,hangman,7,adjetivos,sobre_as_pessoas,,
2025-05-03T13:36:02,rich,rica,True,0.0,6,0,"r,i,c,h",,,,9.003435850143433,hangman,1,adjetivos,sobre_as_pessoas,,
2025-05-03T13:37:11,literate,letrado,True,0.67,6,4,"l,i,t,e,r,a,t,e","w,f,h,d",,,68.02668166160583,hangman,12,adjetivos,sobre_as_pessoas,,
2025-05-03T13:37:45,alive,vivo,True,0.17,6,1,"a,l,i,v,e",w,,,25.008741855621338,hangman,5,adjetivos,sobre_as_pessoas,,
2025-05-03T13:38:07,mute,mudo,True,0.33,6,2,"m,u,t,e","d,l",,,19.007020235061646,hangman,5,adjetivos,sobre_as_pessoas,,
2025-05-03T13:38:16,pregnant,grávida,True,0.17,6,1,"p,r,e,g,n,a,n,t",m,,,7.002218723297119,hangman,1,adjetivos,sobre_as_pessoas,,
2025-05-03T13:38:28,objective,objetivo,True,0.0,6,0,"o,b,j,e,c,t,i,v,e",,,,7.002285480499268,hangman,1,adjetivos,sobre_as_pessoas,,
2025-05-03T13:39:11,naked,nu,False,1.0,6,6,"a,e","c,o,l,w,u,i",,,41.01492476463318,hangman,9,adjetivos,sobre_as_pessoas,,
2025-05-03T13:40:10,myopic,míope,True,0.67,6,4,"m,y,o,p,i,c","h,a,e,t",,,53.01963543891907,hangman,8,adjetivos,sobre_as_pessoas,,
2025-05-03T13:40:29,unable,incapaz,True,0.17,6,1,"u,n,a,b,l,e",i,,,14.014910459518433,hangman,5,adjetivos,sobre_as_pessoas,,
2025-05-03T13:40:55,strong,forte,False,1.0,6,6,,"w,a,e,u,h,i",,,24.009138822555542,hangman,6,adjetivos,sobre_as_pessoas,,
2025-05-03T13:41:30,subjective,subjetivo,True,0.0,6,0,"s,u,b,j,e,c,t,i,v,e",,,,20.00722098350525,hangman,8,adjetivos,sobre_as_pessoas,,
2025-05-03T15:09:17,able,capaz,True,0.0,6,0,"a,b,l,e",,,,5.002103090286255,hangman,1,adjetivos,sobre_as_pessoas,,
2025-05-03T15:11:14,free,livre,True,0.5,6,3,"f,r,e,e","a,l,i",,,29.00874948501587,hangman,7,adjetivos,sobre_as_pessoas,,
2025-05-03T15:11:29,objective,objetivo,True,0.0,6,0,"o,b,j,e,c,t,i,v,e",,,,6.001873970031738,hangman,1,adjetivos,sobre_as_pessoas,,
2025-05-03T15:11:41,anonymous,anónimo,True,0.0,6,0,"a,n,o,n,y,m,o,u,s",,,,8.003012657165527,hangman,1,adjetivos,sobre_as_pessoas,,
2025-05-03T15:11:52,mute,mudo,True,0.17,6,1,"m,u,t,e",d,,,7.002481937408447,hangman,2,adjetivos,sobre_as_pessoas,,
2025-05-03T15:12:40,deaf,surdo,False,1.0,6,6,"d,e,a","s,l,r,t,u,y",,,45.016265869140625,hangman,10,adjetivos,sobre_as_pessoas,,
2025-05-03T15:12:53,famous,famosa,True,0.0,6,0,"f,a,m,o,u,s",,,,8.002606391906738,hangman,1,adjetivos,sobre_as_pessoas,,
2025-05-03T15:13:07,qualified,qualificada,True,0.0,6,0,"q,u,a,l,i,f,i,e,d",,,,11.003747463226318,hangman,4,adjetivos,sobre_as_pessoas,,
2025-05-03T15:13:16,popular,popular,True,0.0,6,0,"p,o,p,u,l,a,r",,,,7.003036737442017,hangman,1,adjetivos,sobre_as_pessoas,,
2025-05-03T15:15:10,unable,incapaz,False,1.0,6,6,"n,a,b,l,e","s,k,i,h,q,d",,,112.03906679153442,hangman,9,adjetivos,sobre_as_pessoas,,
2025-05-03T15:15:36,unpopular,impopular,True,0.17,6,1,"u,n,p,o,p,u,l,a,r",i,,,21.007925033569336,hangman,3,adjetivos,sobre_as_pessoas,,
2025-05-03T15:15:51,well-known,conhecida,True,0.0,6,0,"w,e,l,l,k,n,o,w,n",,,,13.004316329956055,hangman,1,adjetivos,sobre_as_pessoas,,
2025-05-03T15:16:08,talented,talentoso,True,0.0,6,0,"t,a,l,e,n,t,e,d",,,,12.00318694114685,hangman,5,adjetivos,sobre_as_pessoas,,
2025-05-03T15:16:23,subjective,subjetivo,True,0.0,6,0,"s,u,b,j,e,c,t,i,v,e",,,,13.004286527633667,hangman,7,adjetivos,sobre_as_pessoas,,
2025-05-03T15:16:39,intellectual,intelectual,True,0.0,6,0,"i,n,t,e,l,l,e,c,t,u,a,l",,,,14.00462818145752,hangman,6,adjetivos,sobre_as_pessoas,,
2025-05-03T15:17:03,rational,racional,True,0.33,6,2,"r,a,t,i,o,n,a,l","c,s",,,22.00722050666809,hangman,4,adjetivos,sobre_as_pessoas,,
2025-05-03T15:17:14,deaf,surdo,True,0.0,6,0,"d,e,a,f",,,,8.002248287200928,hangman,1,adjetivos,sobre_as_pessoas,,
2025-05-03T15:17:53,myopic,míope,True,0.17,6,1,"m,y,o,p,i,c",e,,,35.01167631149292,hangman,6,adjetivos,sobre_as_pessoas,,
2025-05-03T15:18:07,weak,fraco,True,0.0,6,0,"w,e,a,k",,,,11.003615140914917,hangman,1,adjetivos,sobre_as_pessoas,,
2025-05-03T15:18:29,lame,manco,True,0.17,6,1,"l,a,m,e",s,,,20.00662875175476,hangman,4,adjetivos,sobre_as_pessoas,,
2025-05-03T15:19:01,blind,cego,False,1.0,6,6,l,"c,s,w,e,v,h",,,29.00975227355957,hangman,7,adjetivos,sobre_as_pessoas,,
2025-05-03T15:20:06,pregnant,grávida,True,0.33,6,2,"p,r,e,g,n,a,n,t","o,m",,,55.017197132110596,hangman,6,adjetivos,sobre_as_pessoas,,
2025-05-03T15:20:17,irrational,irracional,True,0.0,6,0,"i,r,r,a,t,i,o,n,a,l",,,,8.00276255607605,hangman,1,adjetivos,sobre_as_pessoas,,
2025-05-03T15:20:24,alive,vivo,True,0.0,6,0,"a,l,i,v,e",,,,5.001404762268066,hangman,1,adjetivos,sobre_as_pessoas,,
2025-05-03T15:20:56,strong,forte,False,1.0,6,6,o,"a,e,u,h,d,i",,,30.010130643844604,hangman,8,adjetivos,sobre_as_pessoas,,
2025-05-03T15:21:20,ironic,irónico,True,0.0,6,0,"i,r,o,n,i,c",,,,17.00561285018921,hangman,1,adjetivos,sobre_as_pessoas,,
2025-05-03T15:21:26,able,capaz,True,0.0,6,0,"a,b,l,e",,,,3.000720977783203,hangman,1,adjetivos,sobre_as_pessoas,,
2025-05-03T15:21:34,illiterate,analfabeto,True,0.0,6,0,"i,l,l,i,t,e,r,a,t,e",,,,6.002025604248047,hangman,1,adjetivos,sobre_as_pessoas,,
2025-05-03T15:22:28,naked,nu,False,1.0,6,6,"n,a,k,e","s,m,u,p,y,i",,,51.0207793712616,hangman,9,adjetivos,sobre_as_pessoas,,
2025-05-03T15:22:48,successful,sucedida,True,0.17,6,1,"s,u,c,c,e,s,s,f,u,l",d,,,17.00596809387207,hangman,3,adjetivos,sobre_as_pessoas,,
2025-05-03T15:23:06,deaf-mute,mudo e surdo,True,0.0,6,0,"d,e,a,f,m,u,t,e",,,,16.0050950050354,hangman,2,adjetivos,sobre_as_pessoas,,
2025-05-03T15:23:13,dead,morto,True,0.0,6,0,"d,e,a,d",,,,4.001211881637573,hangman,1,adjetivos,sobre_as_pessoas,,
2025-05-03T15:23:32,unqualified,não qualificado,True,0.17,6,1,"u,n,q,u,a,l,i,f,i,e,d",c,,,17.006044387817383,hangman,5,adjetivos,sobre_as_pessoas,,
2025-05-03T15:23:48,spontaneous,espontâneo,True,0.0,6,0,"s,p,o,n,t,a,n,e,o,u,s",,,,14.005032777786255,hangman,6,adjetivos,sobre_as_pessoas,,
2025-05-03T15:24:06,literate,letrado,True,0.0,6,0,"l,i,t,e,r,a,t,e",,,,13.00381088256836,hangman,4,adjetivos,sobre_as_pessoas,,
2025-05-03T15:24:39,naked,nu,True,0.17,6,1,"n,a,k,e,d",u,,,32.010318756103516,hangman,2,adjetivos,sobre_as_pessoas,,
2025-05-03T15:24:48,unable,incapaz,True,0.0,6,0,"u,n,a,b,l,e",,,,6.002107858657837,hangman,1,adjetivos,sobre_as_pessoas,,
2025-05-03T15:24:54,rich,rica,True,0.0,6,0,"r,i,c,h",,,,4.001112699508667,hangman,1,adjetivos,sobre_as_pessoas,,
2025-05-03T15:25:04,unknown,desconhecida,True,0.0,6,0,"u,n,k,n,o,w,n",,,,7.002137184143066,hangman,1,adjetivos,sobre_as_pessoas,,
2025-05-03T15:25:11,crazy,louco,True,0.0,6,0,"c,r,a,z,y",,,,4.001323461532593,hangman,1,adjetivos,sobre_as_pessoas,,
2025-05-03T15:26:15,blind,cego,True,0.83,6,5,"b,l,i,n,d","o,f,a,e,u",,,62.02146601676941,hangman,8,adjetivos,sobre_as_pessoas,,
2025-05-03T15:26:22,strong,forte,True,0.0,6,0,"s,t,r,o,n,g",,,,5.001641750335693,hangman,1,adjetivos,sobre_as_pessoas,,
2025-05-03T18:21:19,free,livre,True,0.67,6,4,"f,r,e,e","v,a,l,i",,,9.002701997756958,hangman,2,adjetivos,sobre_as_pessoas,,
2025-05-03T18:22:12,unable,incapaz,True,0.0,6,0,"u,n,a,b,l,e",,,,8.002393245697021,hangman,2,adjetivos,sobre_as_pessoas,,
2025-05-03T18:23:18,alive,vivo,True,0.0,6,0,"a,l,i,v,e",,,,5.001987934112549,hangman,1,adjetivos,sobre_as_pessoas,,
2025-05-03T18:29:41,additional,adicional,True,0.17,6,1,"a,d,d,i,t,i,o,n,a,l",e,,,21.006919860839844,hangman,6,adjetivos,descrições_1,,
2025-05-03T18:30:03,regional,regional,True,0.0,6,0,"r,e,g,i,o,n,a,l",,,,20.007253170013428,hangman,8,adjetivos,descrições_1,,
2025-05-03T18:30:48,mixed,misto,False,1.0,6,6,"m,i,x,e","s,o,l,r,a,t",,,43.0160436630249,hangman,7,adjetivos,descrições_1,,
2025-05-03T18:31:12,luminous,luminoso,False,1.0,6,6,"l,i","g,r,w,a,h,t",,,22.008180618286133,hangman,4,adjetivos,descrições_1,,
2025-05-03T18:31:27,magnetic,magnético,True,0.0,6,0,"m,a,g,n,e,t,i,c",,,,12.003890037536621,hangman,4,adjetivos,descrições_1,,
2025-05-03T18:31:53,external,externo,True,0.17,6,1,"e,x,t,e,r,n,a,l",o,,,23.00822615623474,hangman,7,adjetivos,descrições_1,,
2025-05-03T18:32:05,local,local,True,0.33,6,2,"l,o,c,a,l","p,e",,,10.003208637237549,hangman,2,adjetivos,descrições_1,,
2025-05-03T18:32:16,middle,médio,True,0.0,6,0,"m,i,d,d,l,e",,,,9.002679109573364,hangman,3,adjetivos,descrições_1,,
2025-05-03T18:32:32,extreme,extremo,True,0.0,6,0,"e,x,t,r,e,m,e",,,,15.00542664527893,hangman,3,adjetivos,descrições_1,,
2025-05-03T18:32:53,double,dobro,True,0.17,6,1,"d,o,u,b,l,e",p,,,19.006897687911987,hangman,4,adjetivos,descrições_1,,
2025-05-03T18:33:05,distant,distante,True,0.0,6,0,"d,i,s,t,a,n,t",,,,9.003141164779663,hangman,3,adjetivos,descrições_1,,
2025-05-03T18:35:03,ethnic,étnico,True,0.5,6,3,"e,t,h,n,i,c","p,w,k",,,115.04128313064575,hangman,9,adjetivos,descrições_1,,
2025-05-03T18:35:15,relative,relativo,True,0.0,6,0,"r,e,l,a,t,i,v,e",,,,5.001707077026367,hangman,1,adjetivos,descrições_1,,
2025-05-03T18:35:38,proportionate,proporcional,True,0.17,6,1,"p,r,o,p,o,r,t,i,o,n,a,t,e",l,,,21.00745987892151,hangman,3,adjetivos,descrições_1,,
2025-05-03T18:35:44,extra,extra,True,0.0,6,0,"e,x,t,r,a",,,,4.001275539398193,hangman,1,adjetivos,descrições_1,,
2025-05-03T18:36:09,static,estático,True,0.33,6,2,"s,t,a,t,i,c","x,e",,,24.008769035339355,hangman,4,adjetivos,descrições_1,,
2025-05-03T18:36:15,other,outro,True,0.0,6,0,"o,t,h,e,r",,,,4.001379489898682,hangman,1,adjetivos,descrições_1,,
2025-05-03T18:36:23,mixed,misto,True,0.0,6,0,"m,i,x,e,d",,,,6.002440452575684,hangman,1,adjetivos,descrições_1,,
2025-05-03T18:36:35,known,conhecido,True,0.0,6,0,"k,n,o,w,n",,,,11.003686428070068,hangman,3,adjetivos,descrições_1,,
2025-05-03T18:36:48,traditional,tradicional,True,0.0,6,0,"t,r,a,d,i,t,i,o,n,a,l",,,,10.00361943244934,hangman,1,adjetivos,descrições_1,,
2025-05-03T18:36:54,fixed,fixo,True,0.0,6,0,"f,i,x,e,d",,,,5.001561641693115,hangman,1,adjetivos,descrições_1,,
2025-05-03T18:37:12,luminous,luminoso,True,0.0,6,0,"l,u,m,i,n,o,u,s",,,,16.00577139854431,hangman,2,adjetivos,descrições_1,,
2025-05-03T18:37:19,infinite,infinito,True,0.0,6,0,"i,n,f,i,n,i,t,e",,,,5.001985788345337,hangman,1,adjetivos,descrições_1,,
2025-05-03T18:37:38,compact,compacto,True,0.0,6,0,"c,o,m,p,a,c,t",,,,18.00798749923706,hangman,1,adjetivos,descrições_1,,
2025-05-03T18:38:49,foreign,estrangeiro,False,1.0,6,6,"o,r,e,g,n","s,x,w,a,h,t",,,70.02490401268005,hangman,10,adjetivos,descrições_1,,
2025-05-03T18:39:06,technical,técnico,True,0.0,6,0,"t,e,c,h,n,i,c,a,l",,,,12.003639221191406,hangman,3,adjetivos,descrições_1,,
2025-05-03T18:39:13,special,especial,True,0.0,6,0,"s,p,e,c,i,a,l",,,,6.00200080871582,hangman,1,adjetivos,descrições_1,,
2025-05-03T18:39:22,powerful,poderoso,True,0.0,6,0,"p,o,w,e,r,f,u,l",,,,7.0036022663116455,hangman,1,adjetivos,descrições_1,,
2025-05-03T18:39:32,dense,denso,True,0.0,6,0,"d,e,n,s,e",,,,8.002461194992065,hangman,1,adjetivos,descrições_1,,
2025-05-03T18:40:20,analogous,análogo,False,1.0,6,6,"a,n,a,l,o,g,o","t,e,m,h,d,y",,,47.017154932022095,hangman,9,adjetivos,descrições_1,,
2025-05-03T18:40:30,triple,triplo,True,0.0,6,0,"t,r,i,p,l,e",,,,7.002471685409546,hangman,2,adjetivos,descrições_1,,
2025-05-03T18:40:37,total,total,True,0.0,6,0,"t,o,t,a,l",,,,5.00183892250061,hangman,1,adjetivos,descrições_1,,
2025-05-03T18:40:50,analogous,análogo,True,0.0,6,0,"a,n,a,l,o,g,o,u,s",,,,11.003728151321411,hangman,1,adjetivos,descrições_1,,
2025-05-03T18:41:13,various,vários,True,0.5,6,3,"v,a,r,i,o,u,s","m,n,y",,,19.00698947906494,hangman,4,adjetivos,descrições_1,,
2025-05-03T18:41:23,mino,meno!,True,0.0,6,0,"m,i,n,o",,,,8.002690315246582,hangman,1,adjetivos,descrições_1,,
2025-05-03T18:42:10,only,único,False,1.0,6,6,"o,n","c,a,e,m,u,i",,,42.01496744155884,hangman,7,adjetivos,descrições_1,,
2025-05-03T18:43:15,foreign,estrangeiro,True,0.5,6,3,"f,o,r,e,i,g,n","x,k,t",,,59.02112579345703,hangman,9,adjetivos,descrições_1,,
2025-05-03T18:43:21,main,principal,True,0.0,6,0,"m,a,i,n",,,,4.001407146453857,hangman,1,adjetivos,descrições_1,,
2025-05-03T18:43:26,only,único,True,0.0,6,0,"o,n,l,y",,,,4.001509189605713,hangman,1,adjetivos,descrições_1,,
2025-05-03T18:43:35,intense,intenso,True,0.0,6,0,"i,n,t,e,n,s,e",,,,7.002435922622681,hangman,2,adjetivos,descrições_1,,
2025-05-03T18:44:51,majo,portar,False,1.0,6,6,"m,a,o","s,x,v,h,y,i",,,74.02616429328918,hangman,11,adjetivos,descrições_1,,
2025-05-03T19:42:57,multicultural,multicultural,True,0.0,6,0,"m,u,l,t,i,c,u,l,t,u,r,a,l",,,,28.00947403907776,hangman,4,adjetivos,descrições_1,,
2025-05-03T19:43:23,dynamic,dinâmico,True,0.0,6,0,"d,y,n,a,m,i,c",,,,24.008702754974365,hangman,3,adjetivos,descrições_1,,
2025-05-03T19:43:31,majo,portar,True,0.0,6,0,"m,a,j,o",,,,7.00449275970459,hangman,1,adjetivos,descrições_1,,
2025-05-03T19:43:44,individual,individual,True,0.0,6,0,"i,n,d,i,v,i,d,u,a,l",,,,11.004058599472046,hangman,3,adjetivos,descrições_1,,
2025-05-03T19:44:30,disproportionate,despropositado,True,0.0,6,0,"d,i,s,p,r,o,p,o,r,t,i,o,n,a,t,e",,,,44.01821970939636,hangman,9,adjetivos,descrições_1,,
2025-05-03T19:44:43,immediate,imediato,True,0.0,6,0,"i,m,m,e,d,i,a,t,e",,,,11.004446744918823,hangman,2,adjetivos,descrições_1,,
2025-05-03T21:10:09,immediate,imediato,True,0.0,6,0,"i,m,m,e,d,i,a,t,e",,,,28.010117769241333,hangman,5,adjetivos,descrições_1,,
2025-05-03T21:10:28,technical,técnico,True,0.0,6,0,"t,e,c,h,n,i,c,a,l",,,,16.006027698516846,hangman,4,adjetivos,descrições_1,,
2025-05-03T21:10:53,ethnic,étnico,True,0.0,6,0,"e,t,h,n,i,c",,,,21.007403135299683,hangman,2,adjetivos,descrições_1,,
2025-05-03T21:11:07,dynamic,dinâmico,True,0.0,6,0,"d,y,n,a,m,i,c",,,,13.004198789596558,hangman,2,adjetivos,descrições_1,,
2025-05-03T21:11:17,additional,adicional,True,0.0,6,0,"a,d,d,i,t,i,o,n,a,l",,,,8.003483533859253,hangman,1,adjetivos,descrições_1,,
2025-05-03T21:11:23,traditional,tradicional,True,0.17,6,1,"t,r,a,d,i,t,i,o,n,a,l",c,,,5.001742124557495,hangman,1,adjetivos,descrições_1,,
2025-05-03T21:11:29,double,dobro,True,0.0,6,0,"d,o,u,b,l,e",,,,4.00178861618042,hangman,1,adjetivos,descrições_1,,
2025-05-03T21:11:53,middle,médio,True,0.0,6,0,"m,i,d,d,l,e",,,,22.008727073669434,hangman,2,adjetivos,descrições_1,,
2025-05-03T21:11:57,main,principal,True,0.0,6,0,"m,a,i,n",,,,3.000861167907715,hangman,1,adjetivos,descrições_1,,
2025-05-03T21:12:22,known,conhecido,True,0.0,6,0,"k,n,o,w,n",,,,23.00800108909607,hangman,1,adjetivos,descrições_1,,
2025-05-03T21:12:40,infinite,infinito,True,0.17,6,1,"i,n,f,i,n,i,t,e",y,,,12.005253553390503,hangman,2,adjetivos,descrições_1,,
2025-05-03T21:12:56,multicultural,multicultural,True,0.0,6,0,"m,u,l,t,i,c,u,l,t,u,r,a,l",,,,14.00459885597229,hangman,3,adjetivos,descrições_1,,
2025-05-03T21:13:04,mino,meno!,True,0.0,6,0,"m,i,n,o",,,,7.002746343612671,hangman,1,adjetivos,descrições_1,,
2025-05-03T21:13:23,regional,regional,True,0.0,6,0,"r,e,g,i,o,n,a,l",,,,17.006396770477295,hangman,2,adjetivos,descrições_1,,
2025-05-03T21:13:53,foreign,estrangeiro,True,0.17,6,1,"f,o,r,e,i,g,n",h,,,28.010432958602905,hangman,3,adjetivos,descrições_1,,
2025-05-03T21:14:08,mixed,misto,True,0.17,6,1,"m,i,x,e,d",r,,,14.004844188690186,hangman,2,adjetivos,descrições_1,,
2025-05-03T21:14:17,majo,portar,True,0.0,6,0,"m,a,j,o",,,,7.002260684967041,hangman,1,adjetivos,descrições_1,,
2025-05-03T21:14:24,luminous,luminoso,True,0.0,6,0,"l,u,m,i,n,o,u,s",,,,6.001859426498413,hangman,1,adjetivos,descrições_1,,
2025-05-03T21:14:34,powerful,poderoso,True,0.0,6,0,"p,o,w,e,r,f,u,l",,,,8.002923965454102,hangman,1,adjetivos,descrições_1,,
2025-05-03T21:14:46,intense,intenso,True,0.17,6,1,"i,n,t,e,n,s,e",c,,,10.00351858139038,hangman,2,adjetivos,descrições_1,,
2025-05-03T21:15:49,chest,aarca,False,1.0,6,6,e,"o,b,a,u,d,i",,,31.010592937469482,hangman,7,casa,mobiliario,,
2025-05-03T21:16:26,bidet,o bidé,True,0.17,6,1,"b,i,d,e,t",y,,,31.011475801467896,hangman,7,casa,mobiliario,,
2025-05-03T21:17:47,lamp,o candeeiro,False,1.0,6,6,"l,a,m","c,s,o,e,u,i",,,58.020283937454224,hangman,11,casa,mobiliario,,
2025-05-03T21:18:09,stool,o banco,False,1.0,6,6,,"c,k,n,b,a,d",,,18.00685477256775,hangman,4,casa,mobiliario,,
2025-05-04T17:18:36,sink,a pia,False,1.0,6,6,"i,n","c,x,a,p,t,d",,,38.013360023498535,hangman,8,casa,mobiliario,,
2025-05-04T17:18:50,bidet,o bidé,True,0.0,6,0,"b,i,d,e,t",,,,10.003771305084229,hangman,1,casa,mobiliario,,
2025-05-04T17:18:58,bed,a cama,True,0.0,6,0,"b,e,d",,,,6.0028393268585205,hangman,1,casa,mobiliario,,
2025-05-04T17:19:25,mirror,o espelho,True,0.33,6,2,"m,i,r,r,o,r","s,g",,,25.008955240249634,hangman,3,casa,mobiliario,,
2025-05-04T17:21:19,coffee table,a mesa de centro,True,0.67,6,4,"c,o,f,f,e,e,t,a,b,l,e","h,u,n,i",,,106.03893971443176,hangman,9,casa,mobiliario,,
2025-05-04T17:21:49,hot tub,a banheira de hidromassagem,False,1.0,6,6,h,"s,z,a,e,m,i",,,22.008058547973633,hangman,7,casa,mobiliario,,
2025-05-04T17:22:10,chair,a cadeira,True,0.17,6,1,"c,h,a,i,r",e,,,16.005533933639526,hangman,2,casa,mobiliario,,
2025-05-04T17:22:19,table,a mesa,True,0.0,6,0,"t,a,b,l,e",,,,7.002447128295898,hangman,1,casa,mobiliario,,
2025-05-04T17:22:41,dresser,a cómoda,False,1.0,6,6,,"c,o,a,u,t,i",,,20.006904363632202,hangman,7,casa,mobiliario,,
2025-05-04T17:24:09,bathtub,a banheira,False,1.0,6,6,"b,a,h,u,b","f,n,r,w,e,m",,,73.0275387763977,hangman,10,casa,mobiliario,,
2025-05-04T17:24:32,desk,a secretária,True,0.17,6,1,"d,e,s,k",a,,,11.0043306350708,hangman,5,casa,mobiliario,,
2025-05-04T17:25:51,bookcase,a estante,False,1.0,6,6,"b,o,o,k,a,e","n,r,w,h,p,t",,,77.02881598472595,hangman,11,casa,mobiliario,,
2025-05-04T17:26:39,urinal,o urinol,True,0.83,6,5,"u,r,i,n,a,l","o,b,e,h,y",,,42.01716327667236,hangman,9,casa,mobiliario,,
2025-05-04T17:26:52,hot tub,a banheira de hidromassagem,True,0.0,6,0,"h,o,t,t,u,b",,,,9.003167867660522,hangman,1,casa,mobiliario,,
2025-05-04T17:27:33,cradle,o berço,False,1.0,6,6,"c,l","s,o,n,b,q,y",,,39.01317620277405,hangman,8,casa,mobiliario,,
2025-05-04T17:27:57,dresser,a cómoda,True,0.0,6,0,"d,r,e,s,s,e,r",,,,17.006014108657837,hangman,1,casa,mobiliario,,
2025-05-04T17:29:46,dressing table,o toucador,True,0.67,6,4,"d,r,e,s,s,i,n,g,t,a,b,l,e","h,w,m,u",,,98.0421314239502,hangman,15,casa,mobiliario,,
2025-05-04T17:30:47,toilet,a sanita,True,0.83,6,5,"t,o,i,l,e,t","s,n,r,a,h",,,58.02189612388611,hangman,11,casa,mobiliario,,
2025-05-04T17:31:07,cradle,o berço,True,0.33,6,2,"c,r,a,d,l,e","h,n",,,18.0127592086792,hangman,7,casa,mobiliario,,
2025-05-04T17:31:40,closet,o guarda-roupa,True,0.5,6,3,"c,l,o,s,e,t","h,d,u",,,30.01054835319519,hangman,5,casa,mobiliario,,
2025-05-04T17:32:23,bookshelf,a prateleira,False,1.0,6,6,"b,o,o,k,s","c,n,a,u,d,t",,,41.014628171920776,hangman,9,casa,mobiliario,,
2025-05-04T17:32:55,bathtub,a banheira,True,0.0,6,0,"b,a,t,h,t,u,b",,,,25.009761333465576,hangman,2,casa,mobiliario,,
2025-05-04T17:35:19,shower curtain,a cortina de chuveiro,True,0.83,6,5,"s,h,o,w,e,r,c,u,r,t,a,i,n","f,l,z,b,q",,,142.05186676979065,hangman,18,casa,mobiliario,,
2025-05-04T17:35:50,stool,o banco,False,1.0,6,6,,"c,k,n,b,a,e",,,28.01025629043579,hangman,2,casa,mobiliario,,
2025-05-04T17:36:35,chest,aarca,True,0.33,6,2,"c,h,e,s,t","a,l",,,40.014302015304565,hangman,7,casa,mobiliario,,
2025-05-04T17:37:23,armchair,a poltrona,False,1.0,6,6,"a,r,a,i,r","s,o,f,b,u,p",,,47.02142858505249,hangman,10,casa,mobiliario,,
2025-05-04T17:37:38,bookcase,a estante,True,0.0,6,0,"b,o,o,k,c,a,s,e",,,,8.002860307693481,hangman,1,casa,mobiliario,,
2025-05-04T17:37:50,stool,o banco,True,0.0,6,0,"s,t,o,o,l",,,,10.003517150878906,hangman,1,casa,mobiliario,,
2025-05-04T17:38:06,shower,o chuveiro,True,0.0,6,0,"s,h,o,w,e,r",,,,14.004646301269531,hangman,3,casa,mobiliario,,
2025-05-04T17:38:30,sink,a pia,False,1.0,6,6,,"r,b,a,h,p,d",,,22.010767221450806,hangman,6,casa,mobiliario,,
2025-05-04T17:39:05,shelf,a prateleira,False,1.0,6,6,"s,e","o,b,w,u,p,i",,,29.012905597686768,hangman,8,casa,mobiliario,,
2025-05-04T17:39:37,shelf,a prateleira,True,0.17,6,1,"s,h,e,l,f",t,,,25.008803367614746,hangman,6,casa,mobiliario,,
2025-05-04T17:39:46,lamp,o candeeiro,True,0.0,6,0,"l,a,m,p",,,,7.002269983291626,hangman,1,casa,mobiliario,,
2025-05-04T17:40:30,cupboard,o armário,False,1.0,6,6,"u,o,a,d","s,f,n,z,w,t",,,42.014639377593994,hangman,10,casa,mobiliario,,
2025-05-04T17:42:07,rocker,a cadeira de baloiço,False,1.0,6,6,"r,o,c,e,r","s,l,w,a,h,i",,,93.03318214416504,hangman,11,casa,mobiliario,,
2025-05-04T17:42:58,high chair,a cadeira alta,False,1.0,6,6,"h,i,h,c,h,a,i,r","l,n,w,t,e,y",,,47.01730728149414,hangman,12,casa,mobiliario,,
2025-05-04T17:43:25,high chair,a cadeira alta,True,0.33,6,2,"h,i,g,h,c,h,a,i,r","e,t",,,21.00753951072693,hangman,7,casa,mobiliario,,
2025-05-04T17:44:03,furniture,a mobília,False,1.0,6,6,i,"c,o,l,b,a,m",,,36.01300525665283,hangman,7,casa,mobiliario,,
2025-05-04T17:44:49,footstool,o escabelo,False,1.0,6,6,"f,t,t,l","c,g,z,r,a,e",,,39.01371645927429,hangman,10,casa,mobiliario,,
2025-05-04T17:45:24,armchair,a poltrona,True,0.0,6,0,"a,r,m,c,h,a,i,r",,,,32.01473927497864,hangman,4,casa,mobiliario,,
2025-05-04T19:43:10,hot tub,a banheira de hidromassagem,True,0.33,6,2,"h,o,t,t,u,b","p,e",,,48.020267963409424,hangman,6,casa,mobiliario,47c8ed06adee90da,
2025-05-04T20:20:38,bookcase,a estante,True,0.0,6,0,"b,o,o,k,c,a,s,e",,,,6.002086877822876,hangman,1,casa,mobiliario,322cca3acbd17d4a,
2025-05-05T15:12:35,delivery,a entrega,True,0.8333333333333334,6,5,"d,e,l,i,v,e,r,y","t,c,a,o,s",,,73.04229807853699,hangman,11,compras,compras_online,5f5e0b5a5b2c93cb,
2025-05-05T15:14:11,to purchase,comprar,False,1.0,6,6,"t,o,u,h,a,s,e","w,y,f,d,b,i",,,93.06022763252258,hangman,14,compras,compras_online,5f5e0b5a5b2c93cb,
2025-05-05T15:14:53,order,a encomenda,False,1.0,6,6,e,"n,h,f,t,c,a",,,36.03486919403076,hangman,7,compras,compras_online,5f5e0b5a5b2c93cb,
2025-05-05T15:15:43,refund,o reembolso,False,1.0,6,6,"r,e,n,d","q,h,c,b,m,s",,,44.026440382003784,hangman,11,compras,compras_online,5f5e0b5a5b2c93cb,
2025-05-05T15:15:55,account,a conta,True,0.0,6,0,"a,c,c,o,u,n,t",,,,9.006426095962524,hangman,3,compras,compras_online,5f5e0b5a5b2c93cb,
2025-05-05T15:16:39,item,o artigo,False,1.0,6,6,"i,t,e","y,h,l,c,a,s",,,41.02485632896423,hangman,9,compras,compras_online,5f5e0b5a5b2c93cb,
2025-05-07T07:44:07,to track,rastrear,True,0.16666666666666666,6,1,"t,o,t,r,a,c,k",s,,,20.022875547409058,hangman,5,compras,compras_online,5b583452212cf989,
2025-05-07T07:44:21,buyer,o comprador,True,0.0,6,0,"b,u,y,e,r",,,,12.009276151657104,hangman,3,compras,compras_online,5b583452212cf989,
2025-05-07T07:44:52,order,a encomenda,True,0.3333333333333333,6,2,"o,r,d,e,r","g,s",,,29.01953387260437,hangman,6,compras,compras_online,5b583452212cf989,
2025-05-07T07:45:18,return,a devolução,True,0.3333333333333333,6,2,"r,e,t,u,r,n","y,d",,,24.018819570541382,hangman,7,compras,compras_online,5b583452212cf989,
2025-05-07T07:45:28,account,a conta,True,0.0,6,0,"a,c,c,o,u,n,t",,,,8.005755424499512,hangman,2,compras,compras_online,5b583452212cf989,
2025-05-07T07:45:39,price,o preço,True,0.0,6,0,"p,r,i,c,e",,,,9.004151105880737,hangman,1,compras,compras_online,5b583452212cf989,
2025-05-07T07:46:20,customer service,o serviço de atendimento ao cliente,True,0.0,6,0,"c,u,s,t,o,m,e,r,s,e,r,v,i,c,e",,,,39.03882336616516,hangman,8,compras,compras_online,5b583452212cf989,
2025-05-07T07:47:17,refund,o reembolso,False,1.0,6,6,"r,e,u,n","t,c,m,o,s,p",,,54.03391242027283,hangman,11,compras,compras_online,5b583452212cf989,
2025-05-07T07:47:48,item,o artigo,False,1.0,6,6,"i,e","f,c,d,u,a,s",,,28.01468515396118,hangman,8,compras,compras_online,5b583452212cf989,
2025-05-07T07:49:41,sale,os saldos,False,1.0,6,6,"a,e","n,q,f,d,u,c",,,47.032604694366455,hangman,6,compras,compras_online,5b583452212cf989,
2025-05-07T07:50:34,to purchase,comprar,False,1.0,6,6,"t,o,u,a,e","z,y,f,l,b,i",,,46.025715351104736,hangman,9,compras,compras_online,5b583452212cf989,
2025-05-07T07:52:54,to purchase,comprar,True,0.0,6,0,"t,o,p,u,r,c,h,a,s,e",,,,36.02545404434204,hangman,8,compras,compras_online,5b583452212cf989,
2025-05-07T07:53:02,delivery,a entrega,True,0.0,6,0,"d,e,l,i,v,e,r,y",,,,6.002829074859619,hangman,1,compras,compras_online,5b583452212cf989,
2025-05-07T07:53:14,refund,o reembolso,True,0.0,6,0,"r,e,f,u,n,d",,,,10.004633665084839,hangman,1,compras,compras_online,5b583452212cf989,
2025-05-07T07:53:25,item,o artigo,True,0.0,6,0,"i,t,e,m",,,,10.005130052566528,hangman,1,compras,compras_online,5b583452212cf989,
2025-05-07T07:54:01,tracking,o rastreamento,True,0.6666666666666666,6,4,"t,r,a,c,k,i,n,g","s,e,d,o",,,35.01473569869995,hangman,11,compras,compras_online,5b583452212cf989,
2025-05-07T07:54:36,assortment,a variedade,False,1.0,6,6,"a,o,e","v,l,c,u,i,b",,,32.01993370056152,hangman,10,compras,compras_online,5b583452212cf989,
2025-05-07T07:55:17,offer,a redução,False,1.0,6,6,"e,r","v,l,t,u,a,s",,,33.016212463378906,hangman,8,compras,compras_online,5b583452212cf989,
2025-05-07T07:55:32,offer,a redução,True,0.0,6,0,"o,f,f,e,r",,,,9.004170656204224,hangman,1,compras,compras_online,5b583452212cf989,
2025-05-07T07:55:50,assortment,a variedade,True,0.0,6,0,"a,s,s,o,r,t,m,e,n,t",,,,16.00939130783081,hangman,5,compras,compras_online,5b583452212cf989,
2025-05-07T07:55:55,sale,os saldos,True,0.0,6,0,"s,a,l,e",,,,3.0019872188568115,hangman,1,compras,compras_online,5b583452212cf989,
2025-05-08T09:28:45,to track,rastrear,True,0.16666666666666666,6,1,"t,o,t,r,a,c,k",i,,,58.202202796936035,hangman,7,compras,compras_online,2dd5ad2a1b84e2df,
2025-05-08T09:29:47,order,a encomenda,True,0.5,6,3,"o,r,d,e,r","s,i,a",,,58.24297618865967,hangman,7,compras,compras_online,2dd5ad2a1b84e2df,
2025-05-08T09:30:00,sale,os saldos,True,0.0,6,0,"s,a,l,e",,,,6.0208494663238525,hangman,1,compras,compras_online,2dd5ad2a1b84e2df,
2025-05-08T15:22:47,price,o preço,True,0.0,6,0,"p,r,i,c,e",,,,5.003779172897339,hangman,1,compras,compras_online,70a7c2f535cdf293,
2025-05-09T08:58:43,to purchase,comprar,True,0.16666666666666666,6,1,"t,o,p,u,r,c,h,a,s,e",b,,,42.02887320518494,hangman,6,compras,compras_online,26aa72810924f824,
2025-05-09T09:10:30,customer service,o serviço de atendimento ao cliente,True,0.0,6,0,"c,u,s,t,o,m,e,r,s,e,r,v,i,c,e",,,,26.017631769180298,hangman,6,compras,compras_online,71b20e4b1dd35741,
2025-05-09T14:03:44,sale,os saldos,True,0.0,6,0,"s,a,l,e",,,,6.008121728897095,hangman,1,compras,compras_online,27cfee21252f1b89,
2025-05-09T14:03:53,buyer,o comprador,True,0.0,6,0,"b,u,y,e,r",,,,7.004876136779785,hangman,2,compras,compras_online,27cfee21252f1b89,
2025-05-09T14:04:39,order,a encomenda,True,0.3333333333333333,6,2,"o,r,d,e,r","n,c",,,44.03039479255676,hangman,4,compras,compras_online,27cfee21252f1b89,
2025-05-09T14:04:52,to track,rastrear,True,0.0,6,0,"t,o,t,r,a,c,k",,,,12.022788286209106,hangman,2,compras,compras_online,27cfee21252f1b89,
2025-05-09T14:05:32,to purchase,comprar,True,0.0,6,0,"t,o,p,u,r,c,h,a,s,e",,,,36.02175998687744,hangman,5,compras,compras_online,27cfee21252f1b89,
2025-05-09T14:05:48,tracking,o rastreamento,True,0.16666666666666666,6,1,"t,r,a,c,k,i,n,g",e,,,14.005510807037354,hangman,5,compras,compras_online,27cfee21252f1b89,
2025-05-09T14:06:43,assortment,a variedade,False,1.0,6,6,"a,s,s,o,t,m,e,t","v,g,z,i,p,y",,,54.07290601730347,hangman,17,compras,compras_online,27cfee21252f1b89,
2025-05-09T14:06:49,price,o preço,True,0.0,6,0,"p,r,i,c,e",,,,4.004328966140747,hangman,1,compras,compras_online,27cfee21252f1b89,
2025-05-09T14:07:01,customer service,o serviço de atendimento ao cliente,True,0.0,6,0,"c,u,s,t,o,m,e,r,s,e,r,v,i,c,e",,,,10.006498575210571,hangman,2,compras,compras_online,27cfee21252f1b89,
2025-05-09T14:07:20,delivery,a entrega,True,0.16666666666666666,6,1,"d,e,l,i,v,e,r,y",s,,,17.01217269897461,hangman,3,compras,compras_online,27cfee21252f1b89,
2025-05-09T14:09:19,return,a devolução,True,0.8333333333333334,6,5,"r,e,t,u,r,n","o,a,d,f,s",,,18.011264085769653,hangman,9,compras,compras_online,27cfee21252f1b89,
2025-05-09T14:09:26,account,a conta,True,0.0,6,0,"a,c,c,o,u,n,t",,,,6.004055738449097,hangman,1,compras,compras_online,27cfee21252f1b89,
2025-05-09T14:51:19,counter,o balcão,False,1.0,6,6,"n,t,e","a,k,d,f,i,s",,,43.03946280479431,hangman,12,compras,em_loja,6fa8e26e3e2d814d,
2025-05-09T14:52:34,price tag,o preço,False,1.0,6,6,"p,r,i,c,e,a","b,w,u,d,y,l",,,73.03724813461304,hangman,10,compras,em_loja,6fa8e26e3e2d814d,
2025-05-09T16:14:26,to sell,vender,True,0.0,6,0,"t,o,s,e,l,l",,,,15.024142980575562,hangman,2,compras,em_loja,6ec0c292107de08e,
2025-05-09T16:14:47,goods,os bens,False,1.0,6,6,s,"e,a,m,f,y,l",,,17.011295557022095,hangman,7,compras,em_loja,6ec0c292107de08e,
2025-05-09T16:15:26,goods,os bens,True,0.16666666666666666,6,1,"g,o,o,d,s",e,,,14.012453317642212,hangman,5,compras,em_loja,6ec0c292107de08e,
2025-05-09T16:16:04,aisle,o corredor,True,0.3333333333333333,6,2,"a,i,s,l,e","w,h",,,36.021023988723755,hangman,5,compras,em_loja,6ec0c292107de08e,
2025-05-09T16:16:52,consumer,o consumidor,True,0.0,6,0,"c,o,n,s,u,m,e,r",,,,13.005329132080078,hangman,4,compras,em_loja,6ec0c292107de08e,
2025-05-09T16:17:04,price tag,o preço,True,0.0,6,0,"p,r,i,c,e,t,a,g",,,,11.007961988449097,hangman,1,compras,em_loja,6ec0c292107de08e,
2025-05-09T16:17:27,discount,o desconto,True,0.16666666666666666,6,1,"d,i,s,c,o,u,n,t",e,,,21.015902519226074,hangman,7,compras,em_loja,6ec0c292107de08e,
2025-05-09T16:18:02,checkout,a caixa,True,0.16666666666666666,6,1,"c,h,e,c,k,o,u,t",a,,,33.01771306991577,hangman,8,compras,em_loja,6ec0c292107de08e,
2025-05-09T16:18:46,cost,o custo,True,0.0,6,0,"c,o,s,t",,,,4.002937316894531,hangman,1,compras,em_loja,6ec0c292107de08e,
2025-05-09T16:19:35,shopping list,a lista de compras,False,1.0,6,6,"s,i,l,i,s,t","e,a,r,b,d,f",,,47.03795289993286,hangman,11,compras,em_loja,6ec0c292107de08e,
2025-05-09T16:20:00,cart,o carrinho,True,0.0,6,0,"c,a,r,t",,,,8.006003618240356,hangman,2,compras,em_loja,6ec0c292107de08e,
2025-05-09T16:20:32,dressing room,o provador,True,0.3333333333333333,6,2,"d,r,e,s,s,i,n,g,r,o,o,m","p,h",,,30.022374868392944,hangman,7,compras,em_loja,6ec0c292107de08e,
2025-05-09T16:21:23,sales slip,o recibo,False,1.0,6,6,"s,a,e,s,s","v,w,b,r,c,f",,,50.038785457611084,hangman,12,compras,em_loja,6ec0c292107de08e,
2025-05-09T16:25:10,to buy,comprar,True,0.0,6,0,"t,o,b,u,y",,,,9.00912594795227,hangman,1,compras,em_loja,2918fbcdd192c99f,
2025-05-09T16:25:30,consumer,o consumidor,True,0.5,6,3,"c,o,n,s,u,m,e,r","d,p,i",,,19.02243661880493,hangman,8,compras,em_loja,2918fbcdd192c99f,
2025-05-09T16:25:54,stand,o expositor,False,1.0,6,6,"s,a","e,x,h,o,q,y",,,22.01637840270996,hangman,7,compras,em_loja,2918fbcdd192c99f,
2025-05-09T16:26:00,cart,o carrinho,True,0.0,6,0,"c,a,r,t",,,,3.0025038719177246,hangman,1,compras,em_loja,2918fbcdd192c99f,
2025-05-09T16:26:22,goods,os bens,True,0.0,6,0,"g,o,o,d,s",,,,21.013633728027344,hangman,1,compras,em_loja,2918fbcdd192c99f,
2025-05-09T16:27:12,store window,a montra,True,0.6666666666666666,6,4,"s,t,o,r,e,w,i,n,d,o,w","u,a,h,m",,,48.03071594238281,hangman,10,compras,em_loja,2918fbcdd192c99f,
2025-05-09T16:27:23,cost,o custo,True,0.0,6,0,"c,o,s,t",,,,9.004212617874146,hangman,1,compras,em_loja,2918fbcdd192c99f,
2025-05-09T16:27:29,to sell,vender,True,0.0,6,0,"t,o,s,e,l,l",,,,5.003945350646973,hangman,1,compras,em_loja,2918fbcdd192c99f,
2025-05-09T16:28:06,department,a secção,False,1.0,6,6,"e,a,t,e,t","o,w,c,f,s,l",,,35.0178759098053,hangman,10,compras,em_loja,2918fbcdd192c99f,
2025-05-10T10:25:55,shopping,as compras,True,0.8333333333333334,6,5,"s,h,o,p,p,i,n,g","a,b,u,r,e",,,43.01419019699097,hangman,11,compras,em_loja,35e7280ad9531d0a,
2025-05-10T10:26:03,goods,os bens,True,0.0,6,0,"g,o,o,d,s",,,,5.00115704536438,hangman,1,compras,em_loja,35e7280ad9531d0a,
2025-05-11T08:23:31,to spend,gastar,False,1.0,6,6,"t,o,s,e","g,l,a,i,w,r",,,87.02705335617065,hangman,14,compras,em_loja,3803807f29480f8d,
2025-05-11T08:24:08,checkout,a caixa,True,0.5,6,3,"c,h,e,c,k,o,u,t","r,a,n",,,29.00864005088806,hangman,4,compras,em_loja,3803807f29480f8d,
2025-05-11T08:24:20,to buy,comprar,True,0.0,6,0,"t,o,b,u,y",,,,11.003218412399292,hangman,1,compras,em_loja,3803807f29480f8d,
2025-05-11T17:24:24,cart,o carrinho,True,0.0,6,0,"c,a,r,t",,,,5.0026655197143555,hangman,1,compras,em_loja,6b38cad2af536703,
2025-05-11T17:24:34,to spend,gastar,True,0.0,6,0,"t,o,s,p,e,n,d",,,,9.00345516204834,hangman,1,compras,em_loja,6b38cad2af536703,
2025-05-11T19:49:42,cost,o custo,True,0.0,6,0,"c,o,s,t",,,,5.001896619796753,hangman,1,compras,em_loja,246daf498418faf5,
2025-05-11T19:49:49,to spend,gastar,True,0.0,6,0,"t,o,s,p,e,n,d",,,,6.001556396484375,hangman,1,compras,em_loja,246daf498418faf5,
2025-05-11T19:50:33,scale,a balança,True,0.6666666666666666,6,4,"s,c,a,l,e","n,b,k,h",,,42.01319861412048,hangman,5,compras,em_loja,246daf498418faf5,
2025-05-12T10:26:53,item,o artigo,True,0.0,6,0,"i,t,e,m",,,,5.003188848495483,hangman,1,compras,compras_online,73994c97daacc80a,
2025-05-12T14:40:02,How does it look?,Como é que fica?,False,1.0,6,6,"e,s,i","h,m,u,j,a,n",,,30.01286029815674,hangman,9,compras,roupas,3635f3f8d2f363b2,
2025-05-12T14:46:15,how much is it?,Quanto é que custa?,True,0.16666666666666666,6,1,"h,o,w,m,u,c,h,i,s,i,t",a,,,45.02505302429199,hangman,7,compras,cuidados_pessoais,48e82769598ffafd,
2025-05-12T14:48:32,how much is the bread?,Quanto custa o pão?,True,0.16666666666666666,6,1,"h,o,w,m,u,c,h,i,s,t,h,e,b,r,e,a,d",l,,,135.08774328231812,hangman,20,compras,no_supermercado,48e82769598ffafd,
2025-05-12T14:51:29,how late are you open on weekdays?,Até que horas estão abertos durante a semana?,False,1.0,6,6,"h,o,w,a,t,e,a,r,e,y,o,u,o,p,e,n,o,n,w,e,e,k,d,a,y,s","z,q,b,c,m,i",,,164.07924008369446,hangman,24,compras,no_loja_de_departamentos,48e82769598ffafd,
2025-05-12T14:53:44,will you show me how to operate it?,Pode mostrar-me como o utilizar?,True,0.3333333333333333,6,2,"w,i,l,l,y,o,u,s,h,o,w,m,e,h,o,w,t,o,o,p,e,r,a,t,e,i,t","c,n",,,77.03909683227539,hangman,10,compras,dispositivos_eletrónicos,48e82769598ffafd,
2025-05-12T14:55:41,how do they feel?,eee ee Como se sente com eles?,False,1.0,6,6,"h,o,w,o,t,h,e,y,f,e,e,l","z,k,p,s,g,r",,,109.05648994445801,hangman,15,compras,sapatos,48e82769598ffafd,
2025-05-12T14:56:48,how many eggs do you need?,Quantos ovos precisa?,True,0.16666666666666666,6,1,"h,o,w,m,a,n,y,e,g,g,s,d,o,y,o,u,n,e,e,d",f,,,38.01801824569702,hangman,6,compras,no_supermercado,48e82769598ffafd,
2025-05-12T14:58:43,how does it look?,Como é que fica?,False,1.0,6,6,"h,o,w,d,o,e,s,i,t,l,o,o","c,m,u,f,g,a",,,112.05824446678162,hangman,20,compras,roupas,48e82769598ffafd,
2025-05-12T14:59:05,how does it look?,Como é que fica?,True,0.0,6,0,"h,o,w,d,o,e,s,i,t,l,o,o,k",,,,15.00700068473816,hangman,1,compras,roupas,48e82769598ffafd,
2025-05-12T14:59:24,how much do you need?,De quanto precisa?,True,0.16666666666666666,6,1,"h,o,w,m,u,c,h,d,o,y,o,u,n,e,e,d",a,,,17.01113247871399,hangman,2,compras,no_supermercado,48e82769598ffafd,
2025-05-12T14:59:48,how many eggs do you need?,Quantos ovos precisa?,True,0.0,6,0,"h,o,w,m,a,n,y,e,g,g,s,d,o,y,o,u,n,e,e,d",,,,22.01151394844055,hangman,2,compras,no_supermercado,48e82769598ffafd,
2025-05-12T15:01:29,how does this work?,Como funciona isto?,False,1.0,6,6,"h,o,w,d,o,e,s,t,h,i,s,w,o,r","c,u,l,y,a,n",,,99.05049777030945,hangman,19,compras,dispositivos_eletrónicos,48e82769598ffafd,
2025-05-12T15:03:00,how wide is this cloth?,Quão grande é este tecido?,False,1.0,6,6,"h,o,w,w,i,d,e,i,s,t,h,i,s,l,o,t,h","z,b,f,g,j,n",,,77.06251287460327,hangman,19,compras,outros_produtos,48e82769598ffafd,
2025-05-12T17:19:17,dissatisfied,insatisfeito,True,0.8333333333333334,6,5,"d,i,s,s,a,t,i,s,f,i,e,d","m,u,o,r,n",,,70.06432628631592,hangman,12,descrição_de_pessoas,estados_emocionais,1b153157fd1d455e,
2025-05-12T17:19:41,depressed,deprimido,True,0.5,6,3,"d,e,p,r,e,s,s,e,d","i,c,m",,,18.01198148727417,hangman,7,descrição_de_pessoas,estados_emocionais,1b153157fd1d455e,
2025-05-12T17:20:24,sad,triste,True,0.6666666666666666,6,4,"s,a,d","f,p,b,m",,,39.02354979515076,hangman,6,descrição_de_pessoas,estados_emocionais,1b153157fd1d455e,
2025-05-12T17:20:31,emotional,emocional,True,0.0,6,0,"e,m,o,t,i,o,n,a,l",,,,5.002191543579102,hangman,1,descrição_de_pessoas,estados_emocionais,1b153157fd1d455e,
2025-05-12T17:21:52,thankful,agradecida,False,1.0,6,6,"t,h,a,n,k,f","d,p,m,i,o,e",,,78.03914952278137,hangman,10,descrição_de_pessoas,estados_emocionais,1b153157fd1d455e,
2025-05-12T17:22:50,relaxed,descontraída,True,0.8333333333333334,6,5,"r,e,l,a,x,e,d","c,s,f,o,n",,,52.02644205093384,hangman,14,descrição_de_pessoas,estados_emocionais,1b153157fd1d455e,
2025-05-12T17:23:20,jealous,ciumenta,False,1.0,6,6,"j,e,a","v,b,c,m,i,n",,,28.012585878372192,hangman,9,descrição_de_pessoas,estados_emocionais,1b153157fd1d455e,
2025-05-12T17:23:53,afraid,receosa,True,0.5,6,3,"a,f,r,a,i,d","s,g,e",,,27.011119604110718,hangman,8,descrição_de_pessoas,estados_emocionais,1b153157fd1d455e,
2025-05-12T17:24:18,satisfied,satisfeito,True,0.16666666666666666,6,1,"s,a,t,i,s,f,i,e,d",c,,,21.011252880096436,hangman,4,descrição_de_pessoas,estados_emocionais,1b153157fd1d455e,
2025-05-12T17:24:41,nervous,hervosa,True,0.0,6,0,"n,e,r,v,o,u,s",,,,21.01414394378662,hangman,8,descrição_de_pessoas,estados_emocionais,1b153157fd1d455e,
2025-05-12T17:25:18,fearful,receosa,True,0.5,6,3,"f,e,a,r,f,u,l","s,d,m",,,35.018171548843384,hangman,10,descrição_de_pessoas,estados_emocionais,1b153157fd1d455e,
2025-05-12T17:25:37,calm,calma,True,0.0,6,0,"c,a,l,m",,,,14.008744955062866,hangman,4,descrição_de_pessoas,estados_emocionais,1b153157fd1d455e,
2025-05-12T17:25:44,lost,perdido,True,0.0,6,0,"l,o,s,t",,,,4.003529071807861,hangman,1,descrição_de_pessoas,estados_emocionais,1b153157fd1d455e,
2025-05-12T17:26:31,miserable,miserável,True,0.16666666666666666,6,1,"m,i,s,e,r,a,b,l,e",v,,,45.025091886520386,hangman,10,descrição_de_pessoas,estados_emocionais,1b153157fd1d455e,
2025-05-12T17:26:37,happy,feliz,True,0.0,6,0,"h,a,p,p,y",,,,4.002594232559204,hangman,1,descrição_de_pessoas,estados_emocionais,1b153157fd1d455e,
2025-05-12T17:26:50,motivated,motivado,True,0.0,6,0,"m,o,t,i,v,a,t,e,d",,,,10.005266904830933,hangman,2,descrição_de_pessoas,estados_emocionais,1b153157fd1d455e,
2025-05-12T17:27:07,interested,interessado,True,0.0,6,0,"i,n,t,e,r,e,s,t,e,d",,,,15.009453296661377,hangman,3,descrição_de_pessoas,estados_emocionais,1b153157fd1d455e,
2025-05-12T17:27:26,excited,entusiasmado,False,1.0,6,6,i,"h,m,s,u,a,n",,,13.00772476196289,hangman,7,descrição_de_pessoas,estados_emocionais,1b153157fd1d455e,
2025-05-12T17:28:11,angry,zangado,False,1.0,6,6,"a,r","p,m,s,u,f,t",,,41.03680872917175,hangman,8,descrição_de_pessoas,estados_emocionais,1b153157fd1d455e,
2025-05-12T17:28:47,desperate,desesperado,True,0.0,6,0,"d,e,s,p,e,r,a,t,e",,,,31.013173818588257,hangman,5,descrição_de_pessoas,estados_emocionais,1b153157fd1d455e,
2025-05-12T17:28:56,unhappy,infeliz,True,0.0,6,0,"u,n,h,a,p,p,y",,,,6.001827716827393,hangman,1,descrição_de_pessoas,estados_emocionais,1b153157fd1d455e,
2025-05-12T17:29:39,hopeless,desesperançada,False,1.0,6,6,"o,p,e,e,s,s","r,d,x,u,a,n",,,39.030746936798096,hangman,11,descrição_de_pessoas,estados_emocionais,1b153157fd1d455e,
2025-05-12T17:30:23,jealous,ciumenta,False,1.0,6,6,"j,e,a,s","b,c,m,i,g,n",,,35.020577907562256,hangman,13,descrição_de_pessoas,estados_emocionais,1b153157fd1d455e,
2025-05-12T17:31:16,lonely,solitário,False,1.0,6,6,"l,o,l,y","h,s,i,u,a,t",,,45.02435111999512,hangman,7,descrição_de_pessoas,estados_emocionais,1b153157fd1d455e,
2025-05-12T17:31:46,jealous,ciumenta,True,0.16666666666666666,6,1,"j,e,a,l,o,u,s",n,,,11.006711721420288,hangman,1,descrição_de_pessoas,estados_emocionais,1b153157fd1d455e,
2025-05-12T17:33:01,bored,entediado,False,1.0,6,6,"o,e,d","h,i,x,a,t,n",,,58.03298091888428,hangman,9,descrição_de_pessoas,estados_emocionais,1b153157fd1d455e,
2025-05-12T17:34:02,eager,ansioso,False,1.0,6,6,"e,a,e,r","h,d,i,w,j,n",,,55.03116846084595,hangman,10,descrição_de_pessoas,estados_emocionais,1b153157fd1d455e,
2025-05-12T17:34:55,joyful,jubiloso,False,1.0,6,6,"j,o,f,u,l","k,b,m,s,i,a",,,43.02081656455994,hangman,11,descrição_de_pessoas,estados_emocionais,1b153157fd1d455e,
2025-05-12T17:36:02,impressed,impressionada,True,0.5,6,3,"i,m,p,r,e,s,s,e,d","n,t,y",,,54.03134298324585,hangman,11,descrição_de_pessoas,estados_emocionais,1b153157fd1d455e,
2025-05-12T17:36:37,thankful,agradecida,False,1.0,6,6,"h,a,f,u,l","d,v,p,i,x,y",,,30.01574397087097,hangman,9,descrição_de_pessoas,estados_emocionais,1b153157fd1d455e,
2025-05-12T17:37:12,furious,furioso,False,1.0,6,6,"u,i,o,u,s","h,d,p,b,w,a",,,30.01823353767395,hangman,11,descrição_de_pessoas,estados_emocionais,1b153157fd1d455e,
2025-05-12T17:38:03,surprised,surpreso,True,0.3333333333333333,6,2,"s,u,r,p,r,i,s,e,d","o,a",,,48.02588391304016,hangman,5,descrição_de_pessoas,estados_emocionais,1b153157fd1d455e,
2025-05-12T17:41:51,truth,a verdade,False,1.0,6,6,"t,r,u,t","d,s,i,l,e,y",,,74.06207704544067,hangman,7,descrição_de_pessoas,valores_e_vícios,6369277419981724,
2025-05-13T09:02:20,scale,a balança,False,1.0,6,6,"s,a","g,j,f,d,k,h",,,13.021229267120361,hangman,8,compras,em_loja,36dfe6691650924c,
2025-05-13T09:04:46,dressing room,o provador,True,0.0,6,0,"d,r,e,s,s,i,n,g,r,o,o,m",,,,23.022597789764404,hangman,4,compras,em_loja,35c55ee65682c978,"d,r,e,s,s,i,n,g,o,m"
2025-05-13T09:06:52,sales slip,o recibo,False,1.0,6,6,"s,a,l,e,s,s,l,i","h,b,k,n,r,o",,,53.03717637062073,hangman,11,compras,em_loja,35c55ee65682c978,"r,e,s,i,b,o,n,h,a,l,k"
2025-05-13T09:10:36,discount,o desconto,True,0.6666666666666666,6,4,"d,i,s,c,o,u,n,t","r,e,a,f",,,18.0121169090271,hangman,8,compras,em_loja,35c55ee65682c978,"r,e,f,a,u,n,d,i,s,c,o,u,n,t"
2025-05-13T09:11:10,checkout,a caixa,True,0.16666666666666666,6,1,"c,h,e,c,k,o,u,t",n,,,31.01874566078186,hangman,7,compras,em_loja,35c55ee65682c978,"c,o,u,n,t,e,k,h"
2025-05-13T09:11:17,to buy,comprar,True,0.0,6,0,"t,o,b,u,y",,,,5.003415107727051,hangman,1,compras,em_loja,35c55ee65682c978,"t,o,b,u,y"
2025-05-13T09:11:39,price tag,o preço,True,0.0,6,0,"p,r,i,c,e,t,a,g",,,,7.1724560260772705,hangman,3,compras,em_loja,35c55ee65682c978,"p,r,i,c,e,t,a,g"
2025-05-13T09:11:54,shopping,as compras,True,0.0,6,0,"s,h,o,p,p,i,n,g",,,,13.005271196365356,hangman,2,compras,em_loja,35c55ee65682c978,"s,h,p,p,p,i,n,g,o"
2025-05-13T09:12:05,cost,o custo,True,0.0,6,0,"c,o,s,t",,,,9.005631446838379,hangman,1,compras,em_loja,35c55ee65682c978,"c,o,s,t"
2025-05-13T09:12:15,to sell,vender,True,0.0,6,0,"t,o,s,e,l,l",,,,8.005398750305176,hangman,1,compras,em_loja,35c55ee65682c978,"t,o,s,e,l"
2025-05-13T09:14:23,scale,a balança,False,1.0,6,6,"c,a,l,e","z,b,d,k,n,o",,,29.027422666549683,hangman,13,compras,em_loja,4b69f5914ae62b6c,"b,a,l,a,n,c,e,k,o,e,d,c,z"
2025-05-13T09:34:00,to feel,sentir,True,0.0,6,0,"t,o,f,e,e,l",,,,15.009260177612305,hangman,1,verbos,expressão_de_sentimentos,73f5d701dcf180f7,"t,o,f,e,l,l"
2025-05-13T09:36:58,could i/l borrow your pen?,Poderia emprestar-me a sua caneta?,False,1.0,6,6,"c,o,u,l,d,i,l,o,r,r,o,w,y,o,u,r,p,e,n","h,z,k,s,a,t",,,176.10275864601135,hangman,18,conversa_geral,ajuda_e_conselhos,73f5d701dcf180f7,"w,o,u,l,d,h,p,e,n,y,r,u,s,u,l,i,a,d,l,z,c,r,t,u,k"
2025-05-13T09:38:49,i'm in transit for singapore.,Estou em trânsito para Singapura.,True,0.5,6,3,"i,m,i,n,t,r,a,n,s,i,t,f,o,r,s,i,n,g,a,p,o,r,e","w,u,y",,,105.07691669464111,hangman,16,avião,controlo_de_passaporte_e_alfândega,73f5d701dcf180f7,"i,m,i,n,s,i,n,g,g,a,p,u,r,e,o,t,y,w,a,t,f"
2025-05-13T09:39:00,to call,chamar,True,0.0,6,0,"t,o,c,a,l,l",,,,6.004525661468506,hangman,1,verbos,comunicação,73f5d701dcf180f7,"t,o,c,a,l,l"
2025-05-13T12:45:25,who,quem,True,0.0,6,0,"w,h,o",,,,12.005159616470337,hangman,1,outras_partes_do_discurso,pronomes,4779b49e25529a3f,"w,h,o"
2025-05-13T12:45:48,to head,comandar,True,0.5,6,3,"t,o,h,e,a,d","l,c,f",,,21.009965181350708,hangman,4,verbos,gestão,4779b49e25529a3f,"t,o,c,h,e,f,l,a,d"
2025-05-13T12:48:41,please let me know if you need my help.,"Por favor, diga-me se precisar da minha ajuda.",True,0.5,6,3,"p,l,e,a,s,e,l,e,t,m,e,k,n,o,w,i,f,y,o,u,n,e,e,d,m,y,h,e,l,p","c,v,r",,,171.10177874565125,hangman,18,conversa_geral,ajuda_e_conselhos,4779b49e25529a3f,"p,l,e,a,s,e,m,h,n,e,e,d,v,o,h,w,s,k,i,y,u,m,c,t,r,n,f"
2025-05-13T12:55:48,pull,Puxar,True,0.3333333333333333,6,2,"p,u,l,l","s,h",,,28.02267837524414,hangman,2,avião,sinais_do_aeroporto,48d79ea1752a77ee,"p,u,s,h,l"
2025-05-13T12:56:30,pull,Puxar,True,0.0,6,0,"p,u,l,l",,,,5.003232717514038,hangman,1,avião,sinais_do_aeroporto,af79a3e48b2b1ea,"p,u,l,l"
2025-05-13T15:00:32,black,preto,True,0.0,6,0,"b,l,a,c,k",,,,4.002797365188599,hangman,1,sistemas,cores,bf794e77856f575,"b,l,a,c,k"
2025-05-13T15:02:43,could you roll up your sleeve?,Pode arregaçar a sua manga?,False,1.0,6,6,"c,o,u,l,d,y,o,u,o,l,l,u,y,o,u,l","a,n,m,w,k,i",,,129.1511995792389,hangman,7,saúde,no_médico,bf794e77856f575,"w,o,u,l,d,c,a,n,y,u,i,k,d,m"
2025-05-13T15:04:44,young,jovem,False,1.0,6,6,,"a,t,m,l,w,e",,,50.02829074859619,hangman,3,pessoas,idade_e_eventos_da_vida,274571fb91f400af,"t,e,a,m,w,l"
2025-05-13T15:08:19,please have your passport ready,"Por favor, tenham o vosso passaporte à mão",True,0.0,6,0,"p,l,e,a,s,e,h,a,v,e,y,o,u,r,p,a,s,s,p,o,r,t,r,e,a,d,y",,,,42.01744985580444,hangman,6,avião,sinais_do_aeroporto,799490b228869ae3,"p,l,e,a,s,e,o,r,t,h,v,y,u,r,d"
2025-05-13T15:08:50,on,sobre,True,0.5,6,3,"o,n","u,i,p",,,29.01991868019104,hangman,3,outras_partes_do_discurso,preposições,799490b228869ae3,"u,p,i,n,o"
2025-05-13T15:09:58,are you free tomorrow?,Vai estar livre amanhã?,True,0.16666666666666666,6,1,"a,r,e,y,o,u,f,r,e,e,t,o,m,o,r,r,o,w",h,,,65.05264568328857,hangman,7,fazer_amigos,organizar_um_encontro,799490b228869ae3,"y,o,u,a,r,e,f,t,w,h,m"
2025-05-13T15:10:23,to pull up,levantar,True,0.3333333333333333,6,2,"t,o,p,u,l,l,u,p","g,e",,,23.016581773757935,hangman,2,esportes,ginásio,799490b228869ae3,"t,o,g,e,t,u,p,l"
2025-05-13T16:11:15,her,dela,True,0.0,6,0,"h,e,r",,,,13.006958246231079,hangman,1,outras_partes_do_discurso,pronomes,3b23e3607f3627cb,"h,e,r"
2025-05-13T16:11:31,police car,o carro de polícia,True,0.0,6,0,"p,o,l,i,c,e,c,a,r",,,,14.005311012268066,hangman,1,segurança,polícia,3b23e3607f3627cb,"p,o,l,i,c,e,c,a,r"
2025-05-13T16:14:03,all,todos,True,0.0,6,0,"a,l,l",,,,150.15040063858032,hangman,1,outras_partes_do_discurso,expressão_de_quantidades,3b23e3607f3627cb,"a,l,l"
2025-05-13T16:16:00,pull,Puxar,True,0.0,6,0,"p,u,l,l",,,,115.2583167552948,hangman,1,avião,sinais_do_aeroporto,3b23e3607f3627cb,"p,u,l,l"
2025-05-13T16:16:13,to come,vir,True,0.0,6,0,"t,o,c,o,m,e",,,,12.010724067687988,hangman,2,verbos,ações_1,3b23e3607f3627cb,"t,o,c,o,m,e"
2025-05-13T16:16:59,back,as costas,False,1.0,6,6,"b,a,c","m,q,z,e,n,r",,,44.023473262786865,hangman,9,corpo,membros_do_corpo,3b23e3607f3627cb,"b,r,e,a,m,n,q,c,z"
2025-05-13T16:17:05,school,a escola,True,0.0,6,0,"s,c,h,o,o,l",,,,5.001595973968506,hangman,1,educação,escola,3b23e3607f3627cb,"s,c,h,o,o,l"
2025-05-13T16:17:43,trash bag,o saco do lixo,True,0.16666666666666666,6,1,"t,r,a,s,h,b,a,g",c,,,32.01681923866272,hangman,2,compras,produtos_para_o_lar,3b23e3607f3627cb,"t,r,a,c,h,b,a,g,s"
2025-05-13T16:18:00,to call,chamar,True,0.0,6,0,"t,o,c,a,l,l",,,,14.006144523620605,hangman,1,verbos,comunicação,3b23e3607f3627cb,"t,o,c,a,l,l"
2025-05-13T16:18:29,then,então,True,0.0,6,0,"t,h,e,n",,,,28.08888816833496,hangman,2,advérbios,de_tempo_e_frequência,3b23e3607f3627cb,"t,h,e,n"
2025-05-13T16:20:14,six,seis,True,0.0,6,0,"s,i,x",,,,3.0667531490325928,hangman,1,sistemas,numerais_cardinais,3b23e3607f3627cb,"s,i,x"
2025-05-13T16:26:11,to drink,beber,True,0.0,6,0,"t,o,d,r,i,n,k",,,,21.009209394454956,hangman,1,corpo,ações,4d4bf886ce519543,"t,o,d,r,i,n,k"
2025-05-13T16:26:19,ten,dez,True,0.0,6,0,"t,e,n",,,,6.4933390617370605,hangman,1,sistemas,numerais_cardinais,4d4bf886ce519543,"t,e,n"
2025-05-13T16:26:48,to sleep,dormir,True,0.0,6,0,"t,o,s,l,e,e,p",,,,7.202955484390259,hangman,1,corpo,ações,4d4bf886ce519543,"t,o,s,l,e,e,p"
2025-05-13T16:27:27,to make,fazer,True,0.0,6,0,"t,o,m,a,k,e",,,,37.30705189704895,hangman,1,verbos,ações_1,4d4bf886ce519543,"t,o,m,a,k,e"
2025-05-13T16:27:51,new moon,a lua nova,True,0.0,6,0,"n,e,w,m,o,o,n",,,,7.935605525970459,hangman,1,educação,astronomia,4d4bf886ce519543,"n,e,w,m,o,o,m"
2025-05-13T16:28:37,ten,dez,True,0.0,6,0,"t,e,n",,,,4.365297317504883,hangman,1,sistemas,numerais_cardinais,34ab9e9adb277c45,"t,e,n"
2025-05-13T16:36:30,show,o programa,True,0.8333333333333334,6,5,"s,h,o,w","a,c,u,t,p",,,30.10154366493225,hangman,8,comunicações,tv_e_rádio,3834c899bf9372c2,"p,a,t,c,u,o,s,h,w"
2025-05-13T16:36:39,dinner,o jantar,True,0.0,6,0,"d,i,n,n,e,r",,,,8.003574848175049,hangman,1,comida_e_bebidas,refeições,3834c899bf9372c2,"d,i,n,n,e,r"
2025-05-13T16:36:47,police car,o carro de polícia,True,0.0,6,0,"p,o,l,i,c,e,c,a,r",,,,6.002822637557983,hangman,1,segurança,polícia,3834c899bf9372c2,"p,o,l,i,c,e,c,a,r"
2025-05-13T16:37:16,neck,o pescoço,True,0.6666666666666666,6,4,"n,e,c,k","p,b,s,r",,,24.341816186904907,hangman,9,corpo,membros_do_corpo,3834c899bf9372c2,"p,e,s,c,k,b,s,r,n"
2025-05-13T16:37:25,now,agora,True,0.0,6,0,"n,o,w",,,,3.4377002716064453,hangman,1,advérbios,de_tempo_e_frequência,3834c899bf9372c2,"n,o,w"
2025-05-13T16:39:52,to show,mostrar,True,0.0,6,0,"t,o,s,h,o,w",,,,6.6228930950164795,hangman,1,verbos,ações_1,3834c899bf9372c2,"t,o,s,h,o,w"
2025-05-13T16:40:18,can,a lata,False,1.0,6,6,"c,a","l,s,e,b,i,t",,,24.009855031967163,hangman,9,compras,loja_de_utensilios_de_cozinha,3834c899bf9372c2,"t,l,a,t,c,i,e,s,b"
2025-05-13T16:41:18,ship,o navio,False,1.0,6,6,,"v,a,b,c,y,n",,,19.00804567337036,hangman,3,transportes,transportes_aquaticos,3834c899bf9372c2,"n,a,y,v,b,c"
2025-05-13T16:42:21,i'm tired.,Estou cansado.,False,1.0,6,6,"i,m,i,r,e","g,s,a,b,p,o",,,60.031681299209595,hangman,8,conversa_geral,expressar_sentimentos,3834c899bf9372c2,"i,m,b,s,a,p,o,e,r,g"
2025-05-13T16:42:52,mean,mau,False,1.0,6,6,"e,a","v,b,u,i,d,o",,,26.012366771697998,hangman,6,descrição_de_pessoas,caracteristicas_2,3834c899bf9372c2,"b,a,d,e,i,o,u,v"
2025-05-13T16:43:16,gang,o gangue,True,0.0,6,0,"g,a,n,g",,,,5.002897262573242,hangman,1,pessoas,amor_e_amizade,3834c899bf9372c2,"g,a,n,g"
2025-05-13T16:43:37,show,o espetáculo,True,0.0,6,0,"s,h,o,w",,,,8.116549015045166,hangman,3,tempo_de_lazer,teatro,3834c899bf9372c2,"s,h,o,w"
2025-05-13T16:44:29,in front of,na frente de,True,0.0,6,0,"i,n,f,r,o,n,t,o,f",,,,22.24022340774536,hangman,1,outras_partes_do_discurso,preposições,3834c899bf9372c2,"i,n,f,r,o,n,t,o,f"
2025-05-13T16:44:39,to know,saber,True,0.0,6,0,"t,o,k,n,o,w",,,,6.00487208366394,hangman,1,verbos,ensinar_e_aprender,3834c899bf9372c2,"t,o,k,n,o,w"
2025-05-13T16:44:45,but,mas,True,0.0,6,0,"b,u,t",,,,4.0009849071502686,hangman,1,outras_partes_do_discurso,conjunções,3834c899bf9372c2,"b,u,t"
2025-05-13T16:45:16,in,no,True,0.0,6,0,"i,n",,,,4.002122640609741,hangman,1,outras_partes_do_discurso,preposições,3834c899bf9372c2,"i,n"
2025-05-13T16:46:26,who.,quem,True,0.5,6,3,"w,h,o","n,e,a",,,25.009212970733643,hangman,5,outras_partes_do_discurso,pronomes,3834c899bf9372c2,"w,e,n,a,o,h"
2025-05-13T16:46:54,nut,a porca,False,1.0,6,6,u,"a,e,c,i,p,o",,,23.894667625427246,hangman,8,compras,loja_de_ferragens,3834c899bf9372c2,"p,e,c,a,u,i,e,o"
2025-05-13T16:53:21,call,a chamada,True,0.0,6,0,"c,a,l,l",,,,5.003165245056152,hangman,1,comunicações,telefones,153a81a74715899,"c,a,l,l"
2025-05-13T16:53:34,pop,0 pop,True,0.0,6,0,"p,o,p",,,,12.010724782943726,hangman,1,cultura,música,153a81a74715899,"p,o,p"
2025-05-13T16:53:49,jump,o salto,True,0.0,6,0,"j,u,m,p",,,,9.003262281417847,hangman,1,esportes,ginásio,153a81a74715899,"j,u,m,p"
2025-05-13T16:54:55,to recycle,reciclar,False,1.0,6,6,"t,o,r,e,c,c,l,e","v,s,a,i,n,h",,,63.50986957550049,hangman,8,ambiente,poluição,153a81a74715899,"t,o,r,e,c,i,c,l,e,a,i,a,s,h,v,n"
2025-05-13T16:57:38,we got cut off,Nós fomos cortados,False,1.0,6,6,"w,e,g,o,o,f,f","l,v,s,d,k,r",,,51.02334475517273,hangman,11,meios_de_comunicação,telefone,2e0fb347a6f851fc,"w,e,g,o,s,l,e,o,f,f,r,w,l,k,v,d"
2025-05-13T16:59:55,to taste,provar,False,1.0,6,6,"t,o,t,a,t,e","l,v,c,k,r,p",,,23.267305850982666,hangman,10,corpo,ações,32ba823edcd4e4d8,"t,o,p,r,o,v,e,o,e,r,c,p,a,p,l,k"
2025-05-13T17:04:36,never,hunca,True,0.0,6,0,"n,e,v,e,r",,,,6.003376007080078,hangman,1,advérbios,de_tempo_e_frequência,4e053a59daa0e36b,"n,e,v,e,r"
2025-05-13T17:04:42,watch,o relógio,True,0.0,6,0,"w,a,t,c,h",,,,5.003003835678101,hangman,1,moda,acessórios,4e053a59daa0e36b,"w,a,t,c,h"
2025-05-13T17:04:54,to pull,puxar,True,0.3333333333333333,6,2,"t,o,p,u,l,l","s,h",,,11.006747245788574,hangman,2,verbos,ações_1,4e053a59daa0e36b,"t,o,p,u,s,h,l"
2025-05-13T17:06:03,to head,comandar,True,0.0,6,0,"t,o,h,e,a,d",,,,4.191071033477783,hangman,1,verbos,gestão,4e053a59daa0e36b,"t,o,h,e,a,d"
2025-05-13T17:06:10,us,nos,True,0.0,6,0,"u,s",,,,3.2277989387512207,hangman,1,outras_partes_do_discurso,pronomes,4e053a59daa0e36b,"u,s"
2025-05-13T17:06:17,then,então,True,0.0,6,0,"t,h,e,n",,,,3.8928959369659424,hangman,1,advérbios,de_tempo_e_frequência,4e053a59daa0e36b,"t,h,e,n"
2025-05-13T17:06:39,new,novo,True,0.0,6,0,"n,e,w",,,,3.001344919204712,hangman,1,adjetivos,descrição_de_objetos,4e053a59daa0e36b,"n,e,w"
2025-05-13T17:07:31,to light a fire,acender,False,1.0,6,6,"t,o,i,g,h,t,a,f,i,r,e","m,s,c,w,k,p",,,50.0267071723938,hangman,9,tempo_de_lazer,campismo,4e053a59daa0e36b,"t,o,m,a,k,e,s,a,f,i,r,e,e,p,a,f,g,h,w,c"
2025-05-13T17:08:19,too,demasiado,False,1.0,6,6,"o,o","l,s,a,w,n,h",,,16.168057441711426,hangman,6,advérbios,advérbios_de_grau,4e053a59daa0e36b,"l,o,o,w,n,s,h,a"
2025-05-13T17:09:01,to dress,vestir,True,0.0,6,0,"t,o,d,r,e,s,s",,,,13.919325590133667,hangman,3,moda,roupas,4e053a59daa0e36b,"t,o,d,r,e,s,s"
2025-05-13T17:09:46,time,o tempo,True,0.0,6,0,"t,i,m,e",,,,3.9695606231689453,hangman,1,sistemas,hora,4e053a59daa0e36b,"t,i,m,e"
2025-05-13T17:09:54,pull,Puxar,True,0.0,6,0,"p,u,l,l",,,,4.137129306793213,hangman,1,avião,sinais_do_aeroporto,4e053a59daa0e36b,"p,u,l,l"
2025-05-13T17:10:59,punching bag,o saco de boxe,True,0.5,6,3,"p,u,n,c,h,i,n,g,b,a,g","e,x,o",,,33.015472412109375,hangman,6,esportes,equipamento_esportivo,4e053a59daa0e36b,"b,o,x,i,n,g,b,a,g,e,u,p,c,h"
2025-05-13T17:16:20,she,ela,True,0.0,6,0,"s,h,e",,,,4.779003620147705,hangman,1,outras_partes_do_discurso,pronomes,73c9996db0f1861c,"s,h,e"
2025-05-13T17:22:48,so that,para que,True,0.3333333333333333,6,2,"s,o,t,h,a,t","z,x",,,34.063817501068115,hangman,7,outras_partes_do_discurso,conjunções,7f5692902544c632,"t,o,s,a,z,x,h"
2025-05-13T17:24:50,do not enter,Sentido Proíbido,False,1.0,6,6,"o,o,t,t","s,a,z,f,x,p",,,25.011530876159668,hangman,7,carro,sinais_de_estrada,1664c2890d63d20c,"t,o,p,s,p,a,z,x,f"
2025-05-13T17:27:45,puff pastry,a massa folhada,False,1.0,6,6,"p,p,a,s,t","m,g,l,e,j,x",,,27.010818004608154,hangman,13,comida_e_bebidas,pães,1f4645d0839fe958,"m,a,s,s,p,a,s,t,e,l,a,g,j,l,s,x"
2025-05-13T17:28:35,too,demasiado,True,0.0,6,0,"t,o,o",,,,10.663326025009155,hangman,1,advérbios,advérbios_de_grau,15e3e77767df20c2,"t,o,o"
2025-05-13T17:29:09,hot chocolate,o chocolate quente,True,0.0,6,0,"h,o,t,c,h,o,c,o,l,a,t,e",,,,17.011712789535522,hangman,2,comida_e_bebidas,bebidas_não_alcoólicas,114c08d3ce617c5,"h,o,t,c,h,o,c,o,l,a,t,e"
2025-05-13T17:30:04,why,porquê,True,0.5,6,3,"w,h,y","e,a,o",,,20.390471696853638,hangman,4,advérbios,palavras_interrogativas_e_ligação,114c08d3ce617c5,"w,a,y,o,e,h"
2025-05-13T17:30:25,to like,gostar,True,0.0,6,0,"t,o,l,i,k,e",,,,6.2990288734436035,hangman,2,verbos,expressão_de_sentimentos,114c08d3ce617c5,"l,i,k,e,t,o"
2025-05-13T17:31:09,too,demasiado,True,0.0,6,0,"t,o,o",,,,5.178760528564453,hangman,1,advérbios,advérbios_de_grau,114c08d3ce617c5,"t,o,o"
2025-05-13T17:31:25,then,então,True,0.0,6,0,"t,h,e,n",,,,3.3154401779174805,hangman,1,advérbios,de_tempo_e_frequência,114c08d3ce617c5,"t,h,e,n"
2025-05-13T17:31:55,to cover,cobrir,False,1.0,6,6,"t,o,c,o,e","l,a,p,b,d,h",,,29.58859634399414,hangman,9,verbos,ações_2,114c08d3ce617c5,"t,o,c,l,a,p,e,h,b,d"
2025-05-13T17:34:23,"i'm sorry, but the shrimp soup is finished.","Lamento, mas a sopa de camarão acabou.",False,1.0,6,6,"i,m,s,o,r,r,y,b,u,t,t,h,e,s,h,r,i,m,p,s,o,u,p,i,s,i,i,s,h,e,d","v,a,z,w,c,x",,,71.81912565231323,hangman,17,comida,carne_e_peixe,114c08d3ce617c5,"i,m,s,o,r,r,y,b,u,t,t,h,e,s,o,u,p,e,y,d,p,x,e,z,v,h,w,e,s,x,a,z,c"
2025-05-13T17:34:54,game,acaça,False,1.0,6,6,"a,e","j,w,c,u,f,p",,,30.1557400226593,hangman,9,comida_e_bebidas,carne,114c08d3ce617c5,"c,a,p,e,u,f,j,e,w"
2025-05-13T17:36:03,to show,mostrar,True,0.0,6,0,"t,o,s,h,o,w",,,,8.003615856170654,hangman,1,verbos,ações_1,114c08d3ce617c5,"t,o,s,h,o,w"
2025-05-13T17:37:55,ten,dez,True,0.0,6,0,"t,e,n",,,,3.0017929077148438,hangman,1,sistemas,numerais_cardinais,114c08d3ce617c5,"t,e,n"
2025-05-13T17:39:27,the tank is not full.,O tanque não está cheio.,True,0.16666666666666666,6,1,"t,h,e,t,a,n,k,i,s,n,o,t,f,u,l,l",d,,,19.899020195007324,hangman,2,carro,aluguer_de_carro,114c08d3ce617c5,"t,h,e,t,a,n,k,d,o,n,o,t,f,u,l,l,i,s"
2025-05-13T17:40:47,do you know these road signs?,Conheces estes sinais de trânsito?,True,0.16666666666666666,6,1,"d,o,y,o,u,k,n,o,w,t,h,e,s,e,r,o,a,d,s,i,g,n,s",l,,,54.027610540390015,hangman,6,carro,conduzir_e_estacionar,114c08d3ce617c5,"d,o,y,o,u,k,n,o,w,t,h,i,s,a,r,l,g,e"
2025-05-13T17:41:27,to double,duplicar,True,0.3333333333333333,6,2,"t,o,d,o,u,b,l,e","v,i",,,40.14154100418091,hangman,5,educação,matematica,114c08d3ce617c5,"t,o,d,i,v,i,d,e,b,l,o,u"
2025-05-13T17:43:11,six,seis,True,0.0,6,0,"s,i,x",,,,3.14410400390625,hangman,1,sistemas,numerais_cardinais,114c08d3ce617c5,"s,i,x"
2025-05-13T17:43:55,how do they feel?,eee ee Como se sente com eles?,True,0.16666666666666666,6,1,"h,o,w,d,o,t,h,e,y,f,e,e,l",s,,,43.67206382751465,hangman,5,compras,sapatos,114c08d3ce617c5,"h,o,w,d,o,s,f,e,l,l,t,y"
2025-05-13T17:44:35,game,o jogo,True,0.0,6,0,"g,a,m,e",,,,4.11257266998291,hangman,1,tempo_de_lazer,jogos,114c08d3ce617c5,"g,a,m,e"
2025-05-13T17:44:41,to eat,comer,True,0.0,6,0,"t,o,e,a,t",,,,5.025753498077393,hangman,1,corpo,ações,114c08d3ce617c5,"t,o,e,a,t"
2025-05-13T17:44:49,day,o dia,True,0.0,6,0,"d,a,y",,,,3.9309563636779785,hangman,1,sistemas,hora,114c08d3ce617c5,"d,a,y"
2025-05-13T17:45:12,so that,para que,True,0.0,6,0,"s,o,t,h,a,t",,,,22.066166162490845,hangman,2,outras_partes_do_discurso,conjunções,114c08d3ce617c5,"t,o,t,h,a,t,s"
2025-05-13T17:45:32,me,me,True,0.16666666666666666,6,1,"m,e",u,,,6.706889867782593,hangman,2,outras_partes_do_discurso,pronomes,114c08d3ce617c5,"e,u,m"
2025-05-13T17:46:08,time,o tempo,True,0.0,6,0,"t,i,m,e",,,,4.307910442352295,hangman,1,sistemas,hora,114c08d3ce617c5,"t,i,m,e"
2025-05-13T17:46:14,show,o programa,True,0.0,6,0,"s,h,o,w",,,,5.33250093460083,hangman,1,comunicações,tv_e_rádio,114c08d3ce617c5,"s,h,o,w"
2025-05-13T17:48:06,do you want insurance?,Quer seguro?,True,0.8333333333333334,6,5,"d,o,y,o,u,w,a,n,t,i,n,s,u,r,a,n,c,e","m,g,p,f,h",,,112.39991974830627,hangman,14,carro,aluguer_de_carro,114c08d3ce617c5,"d,o,y,o,u,w,a,n,t,s,e,g,u,t,a,t,e,h,w,s,d,f,e,i,m,r,y,t,p,c"
2025-05-13T17:48:27,name,o nome,True,0.0,6,0,"n,a,m,e",,,,20.233046293258667,hangman,1,pessoas,identidade,114c08d3ce617c5,"n,a,m,e"
2025-05-13T17:49:19,to take care,cuidar,True,0.16666666666666666,6,1,"t,o,t,a,k,e,c,a,r,e",p,,,28.18856716156006,hangman,9,verbos,expressão_de_sentimentos,114c08d3ce617c5,"t,o,o,e,p,a,k,c,a,r"
2025-05-13T17:50:28,to leave,sair,True,0.0,6,0,"t,o,l,e,a,v,e",,,,16.462353467941284,hangman,1,verbos,ações_2,114c08d3ce617c5,"t,o,l,e,a,v,e"
2025-05-13T17:50:59,stuffed toy,o animal de peluche,False,1.0,6,6,"f,f,e,d,o","m,l,a,z,i,n",,,31.47158455848694,hangman,8,compras,loja_de_artigos_para_criança,114c08d3ce617c5,"a,n,i,m,a,l,f,o,d,e,l,a,z"
2025-05-13T19:59:23,black,preto,True,0.0,6,0,"b,l,a,c,k",,,,4.001824617385864,hangman,1,sistemas,cores,636d4a5a2b929e48,"b,l,a,c,k"
2025-05-13T19:59:35,double,dobro,True,0.0,6,0,"d,o,u,b,l,e",,,,10.00263500213623,hangman,1,adjetivos,descrições_1,636d4a5a2b929e48,"d,o,u,b,l,e"
2025-05-13T20:03:26,six,seis,True,0.0,6,0,"s,i,x",,,,3.0006730556488037,hangman,1,sistemas,numerais_cardinais,ff9e2629db8b9b0,"s,i,x"
2025-05-13T20:04:59,to snow,hevar,False,1.0,6,6,"t,o,s,o,w","g,h,l,i,x,z",,,64.01570987701416,hangman,9,ambiente,tempo,ff9e2629db8b9b0,"t,o,g,h,w,s,h,l,i,z,x"
2025-05-13T20:05:28,to know,saber,True,0.0,6,0,"t,o,k,n,o,w",,,,28.158047914505005,hangman,2,verbos,ensinar_e_aprender,ff9e2629db8b9b0,"k,n,o,w,t"
2025-05-13T20:07:30,what material is it made of?,De que material é feito?,True,0.6666666666666666,6,4,"w,h,a,t,m,a,t,e,r,i,a,l,i,s,i,t,m,a,d,e,o,f","k,u,c,z",,,122.1459128856659,hangman,18,compras,acessórios,ff9e2629db8b9b0,"t,o,m,a,k,e,s,w,h,r,i,a,l,k,c,s,u,h,w,e,a,z,f,r,d"
2025-05-13T20:08:56,disease,a doença,False,1.0,6,6,"i,s,e,a,s,e","t,f,l,r,k,b",,,85.76026034355164,hangman,11,saude,problemas_de_saude,ff9e2629db8b9b0,"s,e,k,b,a,t,e,r,l,i,f"
2025-05-13T20:10:24,to take off,descolar,True,0.3333333333333333,6,2,"t,o,t,a,k,e,o,f,f","u,v",,,26.008268117904663,hangman,6,transportes,transportes_aéreos,ff9e2629db8b9b0,"t,o,u,t,v,e,a,k,f,f"
2025-05-13T20:11:10,in front of,na frente de,True,0.0,6,0,"i,n,f,r,o,n,t,o,f",,,,21.005880117416382,hangman,3,outras_partes_do_discurso,preposições,ff9e2629db8b9b0,"t,o,f,r,o,n,t,o,f,o,i"
2025-05-13T20:12:35,we need to take a urine sample.,Precisamos recolher uma amostra de urina.,True,0.16666666666666666,6,1,"w,e,n,e,e,d,t,o,t,a,k,e,a,u,r,i,n,e,s,a,m,p,l,e",c,,,63.875311613082886,hangman,9,saúde,tratamento,ff9e2629db8b9b0,"u,r,i,n,e,d,w,t,o,a,k,m,s,k,c,p,l"
2025-05-13T20:13:39,the stove is broken.,O forno está estragado.,False,1.0,6,6,"t,h,e,s,t,o,e,i,s,b,r,o,k,e,n","g,w,a,c,l,f",,,64.09271097183228,hangman,7,serviços,reparações,ff9e2629db8b9b0,"t,h,e,f,o,r,n,i,s,b,r,e,a,c,k,i,n,g,n,c,r,w,h,l"
