id_game,datetime,word,category,sub_category,word_folder,won,quantity_play_audio,clicks_on_guess,game_name,id_game_task
7691a583790ca474,2025-05-15T10:14:54,do,carro,aluguer_de_carro,do_you_want_insurance,True,1,1,word_shuffle_game,
7691a583790ca474,2025-05-15T10:14:54,you,carro,aluguer_de_carro,do_you_want_insurance,True,1,1,word_shuffle_game,
7691a583790ca474,2025-05-15T10:14:55,want,carro,aluguer_de_carro,do_you_want_insurance,True,1,1,word_shuffle_game,
7691a583790ca474,2025-05-15T10:15:47,insurance,carro,aluguer_de_carro,do_you_want_insurance,False,4,2,word_shuffle_game,
7691a583790ca474,2025-05-15T10:18:20,who,tempo_de_lazer,desporto,ho_finished_firs,True,1,2,word_shuffle_game,
7691a583790ca474,2025-05-15T10:18:49,firs,tempo_de_lazer,desporto,ho_finished_firs,True,1,2,word_shuffle_game,
7691a583790ca474,2025-05-15T10:19:09,finished,tempo_de_lazer,desporto,ho_finished_firs,False,1,1,word_shuffle_game,
11716d6bfc6e6b5e,2025-05-15T10:35:01,her,outras_partes_do_discurso,pronomes,her,True,0,1,word_shuffle_game,
11716d6bfc6e6b5e,2025-05-15T10:35:12,why,advérbios,palavras_interrogativas_e_ligação,why,True,0,1,word_shuffle_game,
2417bc322fd6c72f,2025-05-15T10:54:50,please,avião,fazer_o_check_in,please_put_any_metallic_objects_into_the_tray,True,2,1,word_shuffle_game,37fe14aed9244b96
2417bc322fd6c72f,2025-05-15T10:54:51,put,avião,fazer_o_check_in,please_put_any_metallic_objects_into_the_tray,True,2,1,word_shuffle_game,37fe14aed9244b96
2417bc322fd6c72f,2025-05-15T10:54:51,any,avião,fazer_o_check_in,please_put_any_metallic_objects_into_the_tray,True,2,1,word_shuffle_game,37fe14aed9244b96
2417bc322fd6c72f,2025-05-15T10:54:53,objects,avião,fazer_o_check_in,please_put_any_metallic_objects_into_the_tray,True,2,1,word_shuffle_game,37fe14aed9244b96
2417bc322fd6c72f,2025-05-15T10:54:53,into,avião,fazer_o_check_in,please_put_any_metallic_objects_into_the_tray,True,2,1,word_shuffle_game,37fe14aed9244b96
2417bc322fd6c72f,2025-05-15T10:54:54,the,avião,fazer_o_check_in,please_put_any_metallic_objects_into_the_tray,True,2,1,word_shuffle_game,37fe14aed9244b96
2417bc322fd6c72f,2025-05-15T10:54:54,tray,avião,fazer_o_check_in,please_put_any_metallic_objects_into_the_tray,True,2,1,word_shuffle_game,37fe14aed9244b96
2417bc322fd6c72f,2025-05-15T10:55:21,metallic,avião,fazer_o_check_in,please_put_any_metallic_objects_into_the_tray,True,2,2,word_shuffle_game,37fe14aed9244b96
2417bc322fd6c72f,2025-05-15T10:55:52,the,carro,conduzir_e_estacionar,the_roads_are_icy_today,True,0,1,word_shuffle_game,1b43cecf3f346705
2417bc322fd6c72f,2025-05-15T10:55:53,are,carro,conduzir_e_estacionar,the_roads_are_icy_today,True,0,1,word_shuffle_game,1b43cecf3f346705
2417bc322fd6c72f,2025-05-15T10:55:55,today,carro,conduzir_e_estacionar,the_roads_are_icy_today,True,0,1,word_shuffle_game,1b43cecf3f346705
2417bc322fd6c72f,2025-05-15T10:56:17,icy,carro,conduzir_e_estacionar,the_roads_are_icy_today,False,0,1,word_shuffle_game,1b43cecf3f346705
2417bc322fd6c72f,2025-05-15T10:56:18,roads,carro,conduzir_e_estacionar,the_roads_are_icy_today,False,0,1,word_shuffle_game,1b43cecf3f346705
606a0536f213cce,2025-05-15T11:08:15,mineral,comida_e_bebidas,bebidas_não_alcoólicas,mineral_water,True,0,1,word_shuffle_game,26a0e7d78652f36b
606a0536f213cce,2025-05-15T11:08:16,water,comida_e_bebidas,bebidas_não_alcoólicas,mineral_water,True,0,1,word_shuffle_game,26a0e7d78652f36b
606a0536f213cce,2025-05-15T11:08:29,sleep,nomes,substantivos_abstratos_1,sleep,True,0,1,word_shuffle_game,122a7f2ab809696e
606a0536f213cce,2025-05-15T11:08:37,to,verbos,ações_1,to_hide,True,0,1,word_shuffle_game,544e76fc29bd6a08
606a0536f213cce,2025-05-15T11:08:37,hide,verbos,ações_1,to_hide,True,0,1,word_shuffle_game,544e76fc29bd6a08
606a0536f213cce,2025-05-15T11:08:53,sheep,animais,grupos_de_animais,flock_of_sheep,True,0,1,word_shuffle_game,2497921b922d3959
606a0536f213cce,2025-05-15T11:08:53,of,animais,grupos_de_animais,flock_of_sheep,True,0,1,word_shuffle_game,2497921b922d3959
606a0536f213cce,2025-05-15T11:08:58,flock,animais,grupos_de_animais,flock_of_sheep,True,1,1,word_shuffle_game,2497921b922d3959
606a0536f213cce,2025-05-15T11:09:03,us,outras_partes_do_discurso,pronomes,us,True,0,1,word_shuffle_game,17edab0e03587f1f
606a0536f213cce,2025-05-15T11:09:19,white,comida_e_bebidas,doces,white_chocolate,True,0,1,word_shuffle_game,43a542b1de68a4f5
606a0536f213cce,2025-05-15T11:09:20,chocolate,comida_e_bebidas,doces,white_chocolate,True,0,1,word_shuffle_game,43a542b1de68a4f5
606a0536f213cce,2025-05-15T11:09:28,but,outras_partes_do_discurso,conjunções,but,True,0,1,word_shuffle_game,153a1e556ac6c4bd
606a0536f213cce,2025-05-15T11:09:39,call,comunicações,telefones,to_call,True,0,1,word_shuffle_game,41a087317959a72a
606a0536f213cce,2025-05-15T11:09:39,to,comunicações,telefones,to_call,True,0,1,word_shuffle_game,41a087317959a72a
606a0536f213cce,2025-05-15T11:10:56,did,avião,bagagem,did_you_pack_your_bags_yourself,True,3,1,word_shuffle_game,2542a7e8b329eb33
606a0536f213cce,2025-05-15T11:10:57,you,avião,bagagem,did_you_pack_your_bags_yourself,True,3,1,word_shuffle_game,2542a7e8b329eb33
606a0536f213cce,2025-05-15T11:10:58,pack,avião,bagagem,did_you_pack_your_bags_yourself,True,3,1,word_shuffle_game,2542a7e8b329eb33
606a0536f213cce,2025-05-15T11:10:58,your,avião,bagagem,did_you_pack_your_bags_yourself,True,3,1,word_shuffle_game,2542a7e8b329eb33
606a0536f213cce,2025-05-15T11:10:59,bags,avião,bagagem,did_you_pack_your_bags_yourself,True,3,1,word_shuffle_game,2542a7e8b329eb33
606a0536f213cce,2025-05-15T11:11:02,yourself,avião,bagagem,did_you_pack_your_bags_yourself,False,3,0,word_shuffle_game,2542a7e8b329eb33
47eff2322f83fce0,2025-05-15T11:22:47,you,hotel,fazer_o_check_out,you_gave_me_the_wrong_change,True,1,1,word_shuffle_game,632094695931396e
47eff2322f83fce0,2025-05-15T11:22:47,gave,hotel,fazer_o_check_out,you_gave_me_the_wrong_change,True,1,1,word_shuffle_game,632094695931396e
47eff2322f83fce0,2025-05-15T11:22:48,me,hotel,fazer_o_check_out,you_gave_me_the_wrong_change,True,1,1,word_shuffle_game,632094695931396e
47eff2322f83fce0,2025-05-15T11:22:49,the,hotel,fazer_o_check_out,you_gave_me_the_wrong_change,True,1,1,word_shuffle_game,632094695931396e
47eff2322f83fce0,2025-05-15T11:22:50,wrong,hotel,fazer_o_check_out,you_gave_me_the_wrong_change,True,1,1,word_shuffle_game,632094695931396e
47eff2322f83fce0,2025-05-15T11:23:02,change,hotel,fazer_o_check_out,you_gave_me_the_wrong_change,False,1,2,word_shuffle_game,632094695931396e
47eff2322f83fce0,2025-05-15T11:31:43,we,avião,controlo_de_passaporte_e_alfândega,we_have_a_joint_passport,True,2,1,word_shuffle_game,80b28b45f809a1e
47eff2322f83fce0,2025-05-15T11:31:43,have,avião,controlo_de_passaporte_e_alfândega,we_have_a_joint_passport,True,2,1,word_shuffle_game,80b28b45f809a1e
47eff2322f83fce0,2025-05-15T11:31:45,passport,avião,controlo_de_passaporte_e_alfândega,we_have_a_joint_passport,True,2,1,word_shuffle_game,80b28b45f809a1e
47eff2322f83fce0,2025-05-15T11:31:46,a,avião,controlo_de_passaporte_e_alfândega,we_have_a_joint_passport,True,2,1,word_shuffle_game,80b28b45f809a1e
47eff2322f83fce0,2025-05-15T11:31:54,joint,avião,controlo_de_passaporte_e_alfândega,we_have_a_joint_passport,True,4,1,word_shuffle_game,80b28b45f809a1e
47eff2322f83fce0,2025-05-15T11:33:29,what,avião,fazer_o_check_in,what_airline_are_you_flying,True,2,1,word_shuffle_game,2f31926244bbd163
47eff2322f83fce0,2025-05-15T11:33:29,airline,avião,fazer_o_check_in,what_airline_are_you_flying,True,2,1,word_shuffle_game,2f31926244bbd163
47eff2322f83fce0,2025-05-15T11:33:30,are,avião,fazer_o_check_in,what_airline_are_you_flying,True,2,1,word_shuffle_game,2f31926244bbd163
47eff2322f83fce0,2025-05-15T11:33:30,you,avião,fazer_o_check_in,what_airline_are_you_flying,True,2,1,word_shuffle_game,2f31926244bbd163
47eff2322f83fce0,2025-05-15T11:33:31,flying,avião,fazer_o_check_in,what_airline_are_you_flying,True,2,1,word_shuffle_game,2f31926244bbd163
47eff2322f83fce0,2025-05-15T11:33:45,to,corpo,ações,to_see,True,1,1,word_shuffle_game,1fbf4e28a8284a59
47eff2322f83fce0,2025-05-15T11:33:46,see,corpo,ações,to_see,True,1,1,word_shuffle_game,1fbf4e28a8284a59
47eff2322f83fce0,2025-05-15T11:33:51,dollar,trabalho,bancos,dollar,True,0,1,word_shuffle_game,60c1e13fc3aeb446
47eff2322f83fce0,2025-05-15T11:33:57,they,outras_partes_do_discurso,pronomes,they,True,0,1,word_shuffle_game,4c9f6d8d40748f93
47eff2322f83fce0,2025-05-15T11:34:22,let's,fazer_amigos,organizar_um_encontro,let's_meet_in_the_lobby,True,1,1,word_shuffle_game,80399c77f4399ad
47eff2322f83fce0,2025-05-15T11:34:23,meet,fazer_amigos,organizar_um_encontro,let's_meet_in_the_lobby,True,1,1,word_shuffle_game,80399c77f4399ad
47eff2322f83fce0,2025-05-15T11:34:23,in,fazer_amigos,organizar_um_encontro,let's_meet_in_the_lobby,True,1,1,word_shuffle_game,80399c77f4399ad
47eff2322f83fce0,2025-05-15T11:34:24,the,fazer_amigos,organizar_um_encontro,let's_meet_in_the_lobby,True,1,1,word_shuffle_game,80399c77f4399ad
47eff2322f83fce0,2025-05-15T11:34:25,lobby,fazer_amigos,organizar_um_encontro,let's_meet_in_the_lobby,True,1,1,word_shuffle_game,80399c77f4399ad
47eff2322f83fce0,2025-05-15T11:35:28,east,educação,geografia,east,True,0,1,word_shuffle_game,23e0b5d0b2096b34
47eff2322f83fce0,2025-05-15T11:36:02,cut,comida,fruta,cut_the_melon_into_thick_slices,True,2,1,word_shuffle_game,1581649f581e8795
47eff2322f83fce0,2025-05-15T11:36:03,the,comida,fruta,cut_the_melon_into_thick_slices,True,2,1,word_shuffle_game,1581649f581e8795
47eff2322f83fce0,2025-05-15T11:36:03,melon,comida,fruta,cut_the_melon_into_thick_slices,True,2,1,word_shuffle_game,1581649f581e8795
47eff2322f83fce0,2025-05-15T11:36:04,into,comida,fruta,cut_the_melon_into_thick_slices,True,2,1,word_shuffle_game,1581649f581e8795
47eff2322f83fce0,2025-05-15T11:36:58,thick,comida,fruta,cut_the_melon_into_thick_slices,False,6,1,word_shuffle_game,1581649f581e8795
47eff2322f83fce0,2025-05-15T11:37:01,slices,comida,fruta,cut_the_melon_into_thick_slices,False,6,3,word_shuffle_game,1581649f581e8795
47eff2322f83fce0,2025-05-15T11:38:43,where,avião,bagagem,where_are_the_baggage_lockers,True,2,1,word_shuffle_game,42cbd335b6658b89
47eff2322f83fce0,2025-05-15T11:38:43,are,avião,bagagem,where_are_the_baggage_lockers,True,2,1,word_shuffle_game,42cbd335b6658b89
47eff2322f83fce0,2025-05-15T11:38:44,the,avião,bagagem,where_are_the_baggage_lockers,True,2,1,word_shuffle_game,42cbd335b6658b89
47eff2322f83fce0,2025-05-15T11:39:00,lockers,avião,bagagem,where_are_the_baggage_lockers,True,2,1,word_shuffle_game,42cbd335b6658b89
47eff2322f83fce0,2025-05-15T11:39:38,baggage,avião,bagagem,where_are_the_baggage_lockers,False,2,4,word_shuffle_game,42cbd335b6658b89
47eff2322f83fce0,2025-05-15T11:40:13,who,outras_partes_do_discurso,pronomes,who,True,0,1,word_shuffle_game,224b478cfd3815af
47eff2322f83fce0,2025-05-15T11:40:20,good,descrição_de_pessoas,opiniões_das_pessoas,good,True,0,1,word_shuffle_game,7fb796bd5139e774
47eff2322f83fce0,2025-05-15T11:41:13,i'm,comida,carne_e_peixe,"i'm_sorry,_but_the_shrimp_soup_is_finished",True,0,1,word_shuffle_game,71a9430f5ad88be5
47eff2322f83fce0,2025-05-15T11:41:13,sorry,comida,carne_e_peixe,"i'm_sorry,_but_the_shrimp_soup_is_finished",True,0,1,word_shuffle_game,71a9430f5ad88be5
47eff2322f83fce0,2025-05-15T11:41:14,but,comida,carne_e_peixe,"i'm_sorry,_but_the_shrimp_soup_is_finished",True,0,1,word_shuffle_game,71a9430f5ad88be5
47eff2322f83fce0,2025-05-15T11:41:15,the,comida,carne_e_peixe,"i'm_sorry,_but_the_shrimp_soup_is_finished",True,0,1,word_shuffle_game,71a9430f5ad88be5
47eff2322f83fce0,2025-05-15T11:41:16,soup,comida,carne_e_peixe,"i'm_sorry,_but_the_shrimp_soup_is_finished",True,0,1,word_shuffle_game,71a9430f5ad88be5
47eff2322f83fce0,2025-05-15T11:41:17,is,comida,carne_e_peixe,"i'm_sorry,_but_the_shrimp_soup_is_finished",True,0,1,word_shuffle_game,71a9430f5ad88be5
47eff2322f83fce0,2025-05-15T11:42:18,shrimp,comida,carne_e_peixe,"i'm_sorry,_but_the_shrimp_soup_is_finished",False,1,1,word_shuffle_game,71a9430f5ad88be5
47eff2322f83fce0,2025-05-15T11:42:34,finished,comida,carne_e_peixe,"i'm_sorry,_but_the_shrimp_soup_is_finished",False,1,3,word_shuffle_game,71a9430f5ad88be5
47eff2322f83fce0,2025-05-15T11:43:16,do,comida,comida_para_o_pequeno_almoço,do_you_eat_croissants_every_day,True,0,1,word_shuffle_game,3929538d4a0b5da6
47eff2322f83fce0,2025-05-15T11:43:16,you,comida,comida_para_o_pequeno_almoço,do_you_eat_croissants_every_day,True,0,1,word_shuffle_game,3929538d4a0b5da6
47eff2322f83fce0,2025-05-15T11:43:17,eat,comida,comida_para_o_pequeno_almoço,do_you_eat_croissants_every_day,True,0,1,word_shuffle_game,3929538d4a0b5da6
47eff2322f83fce0,2025-05-15T11:43:30,every,comida,comida_para_o_pequeno_almoço,do_you_eat_croissants_every_day,True,0,2,word_shuffle_game,3929538d4a0b5da6
47eff2322f83fce0,2025-05-15T11:43:31,day,comida,comida_para_o_pequeno_almoço,do_you_eat_croissants_every_day,True,0,1,word_shuffle_game,3929538d4a0b5da6
47eff2322f83fce0,2025-05-15T11:43:39,croissants,comida,comida_para_o_pequeno_almoço,do_you_eat_croissants_every_day,False,0,1,word_shuffle_game,3929538d4a0b5da6
47eff2322f83fce0,2025-05-15T11:44:16,neck,corpo,membros_do_corpo,neck,True,0,1,word_shuffle_game,1ac74a3a208c9509
47eff2322f83fce0,2025-05-15T11:44:53,you,avião,bagagem,did_you_pack_your_bags_yourself,True,0,1,word_shuffle_game,6919e3e71d20e0da
47eff2322f83fce0,2025-05-15T11:44:54,pack,avião,bagagem,did_you_pack_your_bags_yourself,True,0,1,word_shuffle_game,6919e3e71d20e0da
47eff2322f83fce0,2025-05-15T11:44:54,your,avião,bagagem,did_you_pack_your_bags_yourself,True,0,1,word_shuffle_game,6919e3e71d20e0da
47eff2322f83fce0,2025-05-15T11:44:55,bags,avião,bagagem,did_you_pack_your_bags_yourself,True,0,1,word_shuffle_game,6919e3e71d20e0da
47eff2322f83fce0,2025-05-15T11:45:11,yourself,avião,bagagem,did_you_pack_your_bags_yourself,True,1,1,word_shuffle_game,6919e3e71d20e0da
47eff2322f83fce0,2025-05-15T11:45:12,did,avião,bagagem,did_you_pack_your_bags_yourself,True,1,2,word_shuffle_game,6919e3e71d20e0da
47eff2322f83fce0,2025-05-15T11:45:26,to,esportes,ginásio,to_pull_up,True,0,1,word_shuffle_game,65b80dc073bca5d
47eff2322f83fce0,2025-05-15T11:45:26,pull,esportes,ginásio,to_pull_up,True,0,1,word_shuffle_game,65b80dc073bca5d
47eff2322f83fce0,2025-05-15T11:45:27,up,esportes,ginásio,to_pull_up,True,0,1,word_shuffle_game,65b80dc073bca5d
47eff2322f83fce0,2025-05-15T11:45:41,hot,ambiente,tempo,hot,True,0,1,word_shuffle_game,6b33de2d91684dc8
47eff2322f83fce0,2025-05-15T11:46:00,nose,corpo,cabeça_e_rosto,nose,True,0,2,word_shuffle_game,2106d13a1be0ab1b
47eff2322f83fce0,2025-05-15T11:46:19,for,restaurante_e_bar,pedir_comida,for_my_appetizer_i'll_have_the_stuffed_mushrooms,True,1,1,word_shuffle_game,491a089ad4ed5206
47eff2322f83fce0,2025-05-15T11:46:19,my,restaurante_e_bar,pedir_comida,for_my_appetizer_i'll_have_the_stuffed_mushrooms,True,1,1,word_shuffle_game,491a089ad4ed5206
47eff2322f83fce0,2025-05-15T11:46:40,i'll,restaurante_e_bar,pedir_comida,for_my_appetizer_i'll_have_the_stuffed_mushrooms,True,1,1,word_shuffle_game,491a089ad4ed5206
47eff2322f83fce0,2025-05-15T11:46:40,have,restaurante_e_bar,pedir_comida,for_my_appetizer_i'll_have_the_stuffed_mushrooms,True,1,1,word_shuffle_game,491a089ad4ed5206
47eff2322f83fce0,2025-05-15T11:46:41,the,restaurante_e_bar,pedir_comida,for_my_appetizer_i'll_have_the_stuffed_mushrooms,True,1,1,word_shuffle_game,491a089ad4ed5206
47eff2322f83fce0,2025-05-15T11:47:20,appetizer,restaurante_e_bar,pedir_comida,for_my_appetizer_i'll_have_the_stuffed_mushrooms,False,2,2,word_shuffle_game,491a089ad4ed5206
47eff2322f83fce0,2025-05-15T11:48:01,stuffed,restaurante_e_bar,pedir_comida,for_my_appetizer_i'll_have_the_stuffed_mushrooms,False,2,0,word_shuffle_game,491a089ad4ed5206
47eff2322f83fce0,2025-05-15T11:48:10,mushrooms,restaurante_e_bar,pedir_comida,for_my_appetizer_i'll_have_the_stuffed_mushrooms,False,2,0,word_shuffle_game,491a089ad4ed5206
47eff2322f83fce0,2025-05-15T11:48:55,bed,cidades,hotel,bed_and_breakfast,True,0,1,word_shuffle_game,425b24716ba33573
47eff2322f83fce0,2025-05-15T11:48:56,and,cidades,hotel,bed_and_breakfast,True,0,1,word_shuffle_game,425b24716ba33573
47eff2322f83fce0,2025-05-15T11:49:39,breakfast,cidades,hotel,bed_and_breakfast,True,0,3,word_shuffle_game,425b24716ba33573
47eff2322f83fce0,2025-05-15T11:50:02,i'm,compras,roupas,"i'm_just_browsing,_thanks",True,0,1,word_shuffle_game,186dfb1f872b20d
47eff2322f83fce0,2025-05-15T11:50:03,just,compras,roupas,"i'm_just_browsing,_thanks",True,0,1,word_shuffle_game,186dfb1f872b20d
47eff2322f83fce0,2025-05-15T11:50:39,thanks,compras,roupas,"i'm_just_browsing,_thanks",True,2,1,word_shuffle_game,186dfb1f872b20d
47eff2322f83fce0,2025-05-15T11:50:41,browsing,compras,roupas,"i'm_just_browsing,_thanks",False,2,1,word_shuffle_game,186dfb1f872b20d
47eff2322f83fce0,2025-05-15T11:56:52,that's,avião,bagagem,that's_too_large_for_a_piece_of_hand_baggage,True,3,1,word_shuffle_game,2475baeed705c25
47eff2322f83fce0,2025-05-15T11:56:52,too,avião,bagagem,that's_too_large_for_a_piece_of_hand_baggage,True,3,1,word_shuffle_game,2475baeed705c25
47eff2322f83fce0,2025-05-15T11:56:54,large,avião,bagagem,that's_too_large_for_a_piece_of_hand_baggage,True,3,1,word_shuffle_game,2475baeed705c25
47eff2322f83fce0,2025-05-15T11:56:54,for,avião,bagagem,that's_too_large_for_a_piece_of_hand_baggage,True,3,1,word_shuffle_game,2475baeed705c25
47eff2322f83fce0,2025-05-15T11:56:55,a,avião,bagagem,that's_too_large_for_a_piece_of_hand_baggage,True,3,1,word_shuffle_game,2475baeed705c25
47eff2322f83fce0,2025-05-15T11:56:58,of,avião,bagagem,that's_too_large_for_a_piece_of_hand_baggage,True,3,1,word_shuffle_game,2475baeed705c25
47eff2322f83fce0,2025-05-15T11:56:58,hand,avião,bagagem,that's_too_large_for_a_piece_of_hand_baggage,True,3,1,word_shuffle_game,2475baeed705c25
47eff2322f83fce0,2025-05-15T11:57:06,piece,avião,bagagem,that's_too_large_for_a_piece_of_hand_baggage,False,3,1,word_shuffle_game,2475baeed705c25
47eff2322f83fce0,2025-05-15T11:57:20,baggage,avião,bagagem,that's_too_large_for_a_piece_of_hand_baggage,True,3,2,word_shuffle_game,2475baeed705c25
47eff2322f83fce0,2025-05-15T11:57:41,hood,transportes,peças_de_carro,hood,True,0,1,word_shuffle_game,292fdd647c49f63d
47eff2322f83fce0,2025-05-15T11:57:52,them,outras_partes_do_discurso,pronomes,them,True,0,2,word_shuffle_game,791bf3a002bb3c0
47eff2322f83fce0,2025-05-15T12:00:00,flight,avião,controlo_de_passaporte_e_alfândega,flight_number_120_is_now_boarding,True,1,6,word_shuffle_game,7a409e0091382c13
47eff2322f83fce0,2025-05-15T12:00:02,number,avião,controlo_de_passaporte_e_alfândega,flight_number_120_is_now_boarding,True,1,1,word_shuffle_game,7a409e0091382c13
47eff2322f83fce0,2025-05-15T12:00:03,120,avião,controlo_de_passaporte_e_alfândega,flight_number_120_is_now_boarding,True,1,1,word_shuffle_game,7a409e0091382c13
47eff2322f83fce0,2025-05-15T12:00:04,is,avião,controlo_de_passaporte_e_alfândega,flight_number_120_is_now_boarding,True,1,1,word_shuffle_game,7a409e0091382c13
47eff2322f83fce0,2025-05-15T12:00:15,now,avião,controlo_de_passaporte_e_alfândega,flight_number_120_is_now_boarding,True,1,2,word_shuffle_game,7a409e0091382c13
47eff2322f83fce0,2025-05-15T12:00:49,boarding,avião,controlo_de_passaporte_e_alfândega,flight_number_120_is_now_boarding,False,1,2,word_shuffle_game,7a409e0091382c13
47eff2322f83fce0,2025-05-15T12:01:09,to,ambiente,tempo,to_rain,True,0,1,word_shuffle_game,6ff19680097f05cd
47eff2322f83fce0,2025-05-15T12:01:09,rain,ambiente,tempo,to_rain,True,0,1,word_shuffle_game,6ff19680097f05cd
47eff2322f83fce0,2025-05-15T12:01:17,all,outras_partes_do_discurso,expressão_de_quantidades,all,True,0,1,word_shuffle_game,ae0d90fb2e0001b
47eff2322f83fce0,2025-05-15T12:01:31,i'm,conversa_geral,expressar_sentimentos,i'm_tired,True,0,1,word_shuffle_game,11987831d73ad0c3
47eff2322f83fce0,2025-05-15T12:01:34,tired,conversa_geral,expressar_sentimentos,i'm_tired,True,1,1,word_shuffle_game,11987831d73ad0c3
47eff2322f83fce0,2025-05-15T12:02:10,what,compras,acessórios,what_material_is_it_made_of,True,0,1,word_shuffle_game,12ffc78746c5028c
47eff2322f83fce0,2025-05-15T12:02:10,material,compras,acessórios,what_material_is_it_made_of,True,0,1,word_shuffle_game,12ffc78746c5028c
47eff2322f83fce0,2025-05-15T12:02:11,is,compras,acessórios,what_material_is_it_made_of,True,0,1,word_shuffle_game,12ffc78746c5028c
47eff2322f83fce0,2025-05-15T12:02:11,it,compras,acessórios,what_material_is_it_made_of,True,0,1,word_shuffle_game,12ffc78746c5028c
47eff2322f83fce0,2025-05-15T12:02:12,made,compras,acessórios,what_material_is_it_made_of,True,0,1,word_shuffle_game,12ffc78746c5028c
47eff2322f83fce0,2025-05-15T12:02:12,of,compras,acessórios,what_material_is_it_made_of,True,0,1,word_shuffle_game,12ffc78746c5028c
47eff2322f83fce0,2025-05-15T12:02:18,new,adjetivos,descrição_de_objetos,new,True,0,1,word_shuffle_game,69645d8e3eeded80
73c465b5d8a1e529,2025-05-15T12:04:13,rain,ambiente,tempo,to_rain,True,0,1,word_shuffle_game,21cbd50ec6187dd6
73c465b5d8a1e529,2025-05-15T12:04:13,to,ambiente,tempo,to_rain,True,0,1,word_shuffle_game,21cbd50ec6187dd6
73c465b5d8a1e529,2025-05-15T12:04:22,new,educação,astronomia,new_moon,True,0,1,word_shuffle_game,73f9723ffa499c29
73c465b5d8a1e529,2025-05-15T12:04:22,moon,educação,astronomia,new_moon,True,0,1,word_shuffle_game,73f9723ffa499c29
73c465b5d8a1e529,2025-05-15T12:05:37,this,outras_partes_do_discurso,expressão_de_quantidades,this,True,0,1,word_shuffle_game,41c14653db9cb81
73c465b5d8a1e529,2025-05-15T12:05:49,board,tempo_de_lazer,jogos,board_game,True,0,1,word_shuffle_game,584b3c1ca5fb7132
73c465b5d8a1e529,2025-05-15T12:05:50,game,tempo_de_lazer,jogos,board_game,True,0,1,word_shuffle_game,584b3c1ca5fb7132
73c465b5d8a1e529,2025-05-15T12:06:11,car,tempo_de_lazer,viagens,car_rental,False,0,0,word_shuffle_game,2bf594d273a4cee9
73c465b5d8a1e529,2025-05-15T12:06:14,rental,tempo_de_lazer,viagens,car_rental,False,0,0,word_shuffle_game,2bf594d273a4cee9
73c465b5d8a1e529,2025-05-15T12:07:29,young,pessoas,idade_e_eventos_da_vida,young,True,0,1,word_shuffle_game,4402d60be34686d6
73c465b5d8a1e529,2025-05-15T12:07:45,so,outras_partes_do_discurso,conjunções,so_that,True,0,2,word_shuffle_game,4b4ff0b4d5a947d
73c465b5d8a1e529,2025-05-15T12:07:46,that,outras_partes_do_discurso,conjunções,so_that,True,0,1,word_shuffle_game,4b4ff0b4d5a947d
73c465b5d8a1e529,2025-05-15T12:07:51,they,outras_partes_do_discurso,pronomes,they,True,0,1,word_shuffle_game,361cb53985403e8b
73c465b5d8a1e529,2025-05-15T12:08:08,to,tempo_de_lazer,campismo,to_pitch_a_tent,True,1,1,word_shuffle_game,38d8ef3e52d77ea1
73c465b5d8a1e529,2025-05-15T12:08:09,pitch,tempo_de_lazer,campismo,to_pitch_a_tent,True,1,1,word_shuffle_game,38d8ef3e52d77ea1
73c465b5d8a1e529,2025-05-15T12:08:10,a,tempo_de_lazer,campismo,to_pitch_a_tent,True,1,1,word_shuffle_game,38d8ef3e52d77ea1
73c465b5d8a1e529,2025-05-15T12:08:10,tent,tempo_de_lazer,campismo,to_pitch_a_tent,True,1,1,word_shuffle_game,38d8ef3e52d77ea1
73c465b5d8a1e529,2025-05-15T12:08:47,you,hotel,fazer_o_check_out,you_gave_me_the_wrong_change,True,2,1,word_shuffle_game,6543e30633bcfaf1
73c465b5d8a1e529,2025-05-15T12:08:48,gave,hotel,fazer_o_check_out,you_gave_me_the_wrong_change,True,2,1,word_shuffle_game,6543e30633bcfaf1
73c465b5d8a1e529,2025-05-15T12:08:48,me,hotel,fazer_o_check_out,you_gave_me_the_wrong_change,True,2,1,word_shuffle_game,6543e30633bcfaf1
73c465b5d8a1e529,2025-05-15T12:08:49,the,hotel,fazer_o_check_out,you_gave_me_the_wrong_change,True,2,1,word_shuffle_game,6543e30633bcfaf1
73c465b5d8a1e529,2025-05-15T12:08:51,change,hotel,fazer_o_check_out,you_gave_me_the_wrong_change,True,2,1,word_shuffle_game,6543e30633bcfaf1
73c465b5d8a1e529,2025-05-15T12:09:07,wrong,hotel,fazer_o_check_out,you_gave_me_the_wrong_change,True,2,2,word_shuffle_game,6543e30633bcfaf1
73c465b5d8a1e529,2025-05-15T12:09:47,i,emergências,acidentes,linguagem_formal_op_i_had_the_right_of_way,True,0,1,word_shuffle_game,42e09580e3325395
73c465b5d8a1e529,2025-05-15T12:09:48,had,emergências,acidentes,linguagem_formal_op_i_had_the_right_of_way,True,0,1,word_shuffle_game,42e09580e3325395
73c465b5d8a1e529,2025-05-15T12:09:48,the,emergências,acidentes,linguagem_formal_op_i_had_the_right_of_way,True,0,1,word_shuffle_game,42e09580e3325395
73c465b5d8a1e529,2025-05-15T12:10:20,right,emergências,acidentes,linguagem_formal_op_i_had_the_right_of_way,True,2,1,word_shuffle_game,42e09580e3325395
73c465b5d8a1e529,2025-05-15T12:10:21,of,emergências,acidentes,linguagem_formal_op_i_had_the_right_of_way,True,2,1,word_shuffle_game,42e09580e3325395
73c465b5d8a1e529,2025-05-15T12:10:22,way,emergências,acidentes,linguagem_formal_op_i_had_the_right_of_way,True,2,1,word_shuffle_game,42e09580e3325395
73c465b5d8a1e529,2025-05-15T12:10:40,do,avião,bagagem,do_i_need_to_check_this_or_can_i_take_it_with_me,True,0,1,word_shuffle_game,68994c34095c3a9e
73c465b5d8a1e529,2025-05-15T12:10:40,i,avião,bagagem,do_i_need_to_check_this_or_can_i_take_it_with_me,True,0,1,word_shuffle_game,68994c34095c3a9e
73c465b5d8a1e529,2025-05-15T12:11:10,need,avião,bagagem,do_i_need_to_check_this_or_can_i_take_it_with_me,True,1,2,word_shuffle_game,68994c34095c3a9e
73c465b5d8a1e529,2025-05-15T12:11:11,to,avião,bagagem,do_i_need_to_check_this_or_can_i_take_it_with_me,True,1,1,word_shuffle_game,68994c34095c3a9e
73c465b5d8a1e529,2025-05-15T12:11:14,check,avião,bagagem,do_i_need_to_check_this_or_can_i_take_it_with_me,True,1,1,word_shuffle_game,68994c34095c3a9e
73c465b5d8a1e529,2025-05-15T12:12:14,or,avião,bagagem,do_i_need_to_check_this_or_can_i_take_it_with_me,True,2,1,word_shuffle_game,68994c34095c3a9e
73c465b5d8a1e529,2025-05-15T12:12:15,can,avião,bagagem,do_i_need_to_check_this_or_can_i_take_it_with_me,True,2,1,word_shuffle_game,68994c34095c3a9e
73c465b5d8a1e529,2025-05-15T12:12:15,i,avião,bagagem,do_i_need_to_check_this_or_can_i_take_it_with_me,True,2,1,word_shuffle_game,68994c34095c3a9e
73c465b5d8a1e529,2025-05-15T12:12:16,take,avião,bagagem,do_i_need_to_check_this_or_can_i_take_it_with_me,True,2,1,word_shuffle_game,68994c34095c3a9e
73c465b5d8a1e529,2025-05-15T12:12:17,it,avião,bagagem,do_i_need_to_check_this_or_can_i_take_it_with_me,True,2,1,word_shuffle_game,68994c34095c3a9e
73c465b5d8a1e529,2025-05-15T12:12:17,with,avião,bagagem,do_i_need_to_check_this_or_can_i_take_it_with_me,True,2,1,word_shuffle_game,68994c34095c3a9e
73c465b5d8a1e529,2025-05-15T12:12:18,me,avião,bagagem,do_i_need_to_check_this_or_can_i_take_it_with_me,True,2,1,word_shuffle_game,68994c34095c3a9e
73c465b5d8a1e529,2025-05-15T12:12:29,this,avião,bagagem,do_i_need_to_check_this_or_can_i_take_it_with_me,True,2,2,word_shuffle_game,68994c34095c3a9e
d3f7870a8bbdbb0,2025-05-15T15:48:38,to,verbos,comunicação,to_tell,True,1,1,word_shuffle_game,1fbca20eb4500714
d3f7870a8bbdbb0,2025-05-15T15:48:39,tell,verbos,comunicação,to_tell,True,1,1,word_shuffle_game,1fbca20eb4500714
d3f7870a8bbdbb0,2025-05-15T15:48:58,neck,saude,farmacia,neck_brace,True,1,1,word_shuffle_game,162c54d3f7eebf82
d3f7870a8bbdbb0,2025-05-15T15:48:59,brace,saude,farmacia,neck_brace,True,1,1,word_shuffle_game,162c54d3f7eebf82
d3f7870a8bbdbb0,2025-05-15T15:49:20,hot,casa,mobiliario,hot_tub,True,0,1,word_shuffle_game,7af613a2cb0bd14e
d3f7870a8bbdbb0,2025-05-15T15:49:21,tub,casa,mobiliario,hot_tub,True,0,1,word_shuffle_game,7af613a2cb0bd14e
d3f7870a8bbdbb0,2025-05-15T15:50:11,is,carro,conduzir_e_estacionar,is_the_road_to_the_lake_a_good_one,True,1,1,word_shuffle_game,5aa14a7d55510d89
d3f7870a8bbdbb0,2025-05-15T15:50:12,the,carro,conduzir_e_estacionar,is_the_road_to_the_lake_a_good_one,True,1,1,word_shuffle_game,5aa14a7d55510d89
d3f7870a8bbdbb0,2025-05-15T15:50:12,road,carro,conduzir_e_estacionar,is_the_road_to_the_lake_a_good_one,True,1,1,word_shuffle_game,5aa14a7d55510d89
d3f7870a8bbdbb0,2025-05-15T15:50:13,to,carro,conduzir_e_estacionar,is_the_road_to_the_lake_a_good_one,True,1,1,word_shuffle_game,5aa14a7d55510d89
d3f7870a8bbdbb0,2025-05-15T15:50:13,the,carro,conduzir_e_estacionar,is_the_road_to_the_lake_a_good_one,True,1,1,word_shuffle_game,5aa14a7d55510d89
d3f7870a8bbdbb0,2025-05-15T15:50:14,lake,carro,conduzir_e_estacionar,is_the_road_to_the_lake_a_good_one,True,1,1,word_shuffle_game,5aa14a7d55510d89
d3f7870a8bbdbb0,2025-05-15T15:50:14,a,carro,conduzir_e_estacionar,is_the_road_to_the_lake_a_good_one,True,1,1,word_shuffle_game,5aa14a7d55510d89
d3f7870a8bbdbb0,2025-05-15T15:50:15,good,carro,conduzir_e_estacionar,is_the_road_to_the_lake_a_good_one,True,1,1,word_shuffle_game,5aa14a7d55510d89
d3f7870a8bbdbb0,2025-05-15T15:50:15,one,carro,conduzir_e_estacionar,is_the_road_to_the_lake_a_good_one,True,1,1,word_shuffle_game,5aa14a7d55510d89
d3f7870a8bbdbb0,2025-05-15T15:50:22,mine,outras_partes_do_discurso,pronomes,mine,True,0,1,word_shuffle_game,67c39c260ce1bedc
d3f7870a8bbdbb0,2025-05-15T15:50:46,jump,esportes,equipamento_esportivo,jump_rope,True,0,1,word_shuffle_game,695fb13c10de1429
d3f7870a8bbdbb0,2025-05-15T15:50:46,rope,esportes,equipamento_esportivo,jump_rope,True,0,1,word_shuffle_game,695fb13c10de1429
d3f7870a8bbdbb0,2025-05-15T15:50:57,time,tempo_de_lazer,passatempos,leisure_time,True,0,1,word_shuffle_game,3c74d850e3900744
d3f7870a8bbdbb0,2025-05-15T15:52:37,leisure,tempo_de_lazer,passatempos,leisure_time,False,4,4,word_shuffle_game,3c74d850e3900744
d3f7870a8bbdbb0,2025-05-15T15:53:53,is,empregos,no_local_de_trabalho,john_is_going_on_vacation_tomorrow,True,3,1,word_shuffle_game,1abe6cc15132484c
d3f7870a8bbdbb0,2025-05-15T15:53:53,going,empregos,no_local_de_trabalho,john_is_going_on_vacation_tomorrow,True,3,1,word_shuffle_game,1abe6cc15132484c
d3f7870a8bbdbb0,2025-05-15T15:53:54,on,empregos,no_local_de_trabalho,john_is_going_on_vacation_tomorrow,True,3,1,word_shuffle_game,1abe6cc15132484c
d3f7870a8bbdbb0,2025-05-15T15:53:55,vacation,empregos,no_local_de_trabalho,john_is_going_on_vacation_tomorrow,True,3,1,word_shuffle_game,1abe6cc15132484c
d3f7870a8bbdbb0,2025-05-15T15:54:19,john,empregos,no_local_de_trabalho,john_is_going_on_vacation_tomorrow,True,3,2,word_shuffle_game,1abe6cc15132484c
d3f7870a8bbdbb0,2025-05-15T15:54:39,tomorrow,empregos,no_local_de_trabalho,john_is_going_on_vacation_tomorrow,False,4,2,word_shuffle_game,1abe6cc15132484c
d3f7870a8bbdbb0,2025-05-15T15:55:37,do,conversa_geral,pedir_por_e_fornecer_informação,do_you_ride_the_bicycle_more_than_once_a_week,True,1,1,word_shuffle_game,1b704bd5232525ab
d3f7870a8bbdbb0,2025-05-15T15:55:38,you,conversa_geral,pedir_por_e_fornecer_informação,do_you_ride_the_bicycle_more_than_once_a_week,True,1,1,word_shuffle_game,1b704bd5232525ab
d3f7870a8bbdbb0,2025-05-15T15:55:38,ride,conversa_geral,pedir_por_e_fornecer_informação,do_you_ride_the_bicycle_more_than_once_a_week,True,1,1,word_shuffle_game,1b704bd5232525ab
d3f7870a8bbdbb0,2025-05-15T15:55:39,the,conversa_geral,pedir_por_e_fornecer_informação,do_you_ride_the_bicycle_more_than_once_a_week,True,1,1,word_shuffle_game,1b704bd5232525ab
d3f7870a8bbdbb0,2025-05-15T15:55:39,bicycle,conversa_geral,pedir_por_e_fornecer_informação,do_you_ride_the_bicycle_more_than_once_a_week,True,1,1,word_shuffle_game,1b704bd5232525ab
d3f7870a8bbdbb0,2025-05-15T15:55:40,more,conversa_geral,pedir_por_e_fornecer_informação,do_you_ride_the_bicycle_more_than_once_a_week,True,1,1,word_shuffle_game,1b704bd5232525ab
d3f7870a8bbdbb0,2025-05-15T15:55:41,than,conversa_geral,pedir_por_e_fornecer_informação,do_you_ride_the_bicycle_more_than_once_a_week,True,1,1,word_shuffle_game,1b704bd5232525ab
d3f7870a8bbdbb0,2025-05-15T15:55:42,once,conversa_geral,pedir_por_e_fornecer_informação,do_you_ride_the_bicycle_more_than_once_a_week,True,1,1,word_shuffle_game,1b704bd5232525ab
d3f7870a8bbdbb0,2025-05-15T15:55:42,a,conversa_geral,pedir_por_e_fornecer_informação,do_you_ride_the_bicycle_more_than_once_a_week,True,1,1,word_shuffle_game,1b704bd5232525ab
d3f7870a8bbdbb0,2025-05-15T15:55:43,week,conversa_geral,pedir_por_e_fornecer_informação,do_you_ride_the_bicycle_more_than_once_a_week,True,1,1,word_shuffle_game,1b704bd5232525ab
d3f7870a8bbdbb0,2025-05-15T15:55:51,drink,comida_e_bebidas,bebidas_não_alcoólicas,drink,True,0,1,word_shuffle_game,39c90193176b8d20
d3f7870a8bbdbb0,2025-05-15T15:56:00,police,segurança,polícia,police_car,True,0,1,word_shuffle_game,33b166069bb43101
d3f7870a8bbdbb0,2025-05-15T15:56:00,car,segurança,polícia,police_car,True,0,1,word_shuffle_game,33b166069bb43101
d3f7870a8bbdbb0,2025-05-15T15:56:32,so,outras_partes_do_discurso,conjunções,so_that,True,0,1,word_shuffle_game,44edba7db1f4e9d1
d3f7870a8bbdbb0,2025-05-15T15:56:33,that,outras_partes_do_discurso,conjunções,so_that,True,0,1,word_shuffle_game,44edba7db1f4e9d1
49d693204a063182,2025-05-15T15:57:35,i,compras,roupas,i_want_something_made_of_cotton,True,0,1,word_shuffle_game,3220af2e8982a33a
49d693204a063182,2025-05-15T15:57:36,want,compras,roupas,i_want_something_made_of_cotton,True,0,1,word_shuffle_game,3220af2e8982a33a
49d693204a063182,2025-05-15T15:57:50,made,compras,roupas,i_want_something_made_of_cotton,True,1,1,word_shuffle_game,3220af2e8982a33a
49d693204a063182,2025-05-15T15:57:51,of,compras,roupas,i_want_something_made_of_cotton,True,1,1,word_shuffle_game,3220af2e8982a33a
49d693204a063182,2025-05-15T15:58:36,something,compras,roupas,i_want_something_made_of_cotton,False,3,1,word_shuffle_game,3220af2e8982a33a
49d693204a063182,2025-05-15T15:58:43,cotton,compras,roupas,i_want_something_made_of_cotton,True,3,1,word_shuffle_game,3220af2e8982a33a
49d693204a063182,2025-05-15T15:58:55,to,verbos,expressão_de_sentimentos,to_want,True,0,1,word_shuffle_game,4b436ca3776c0af4
49d693204a063182,2025-05-15T15:58:55,want,verbos,expressão_de_sentimentos,to_want,True,0,1,word_shuffle_game,4b436ca3776c0af4
49d693204a063182,2025-05-15T15:59:46,are,avião,bagagem,these_are_my_suitcases,True,1,1,word_shuffle_game,16e1f8d162513e4
49d693204a063182,2025-05-15T15:59:46,my,avião,bagagem,these_are_my_suitcases,True,1,1,word_shuffle_game,16e1f8d162513e4
49d693204a063182,2025-05-15T16:00:23,these,avião,bagagem,these_are_my_suitcases,True,1,2,word_shuffle_game,16e1f8d162513e4
49d693204a063182,2025-05-15T16:00:44,suitcases,avião,bagagem,these_are_my_suitcases,False,2,2,word_shuffle_game,16e1f8d162513e4
49d693204a063182,2025-05-15T16:01:10,dress,moda,roupas,to_dress,True,0,1,word_shuffle_game,7fa4a03d4608d0bf
49d693204a063182,2025-05-15T16:01:11,to,moda,roupas,to_dress,True,0,1,word_shuffle_game,7fa4a03d4608d0bf
49d693204a063182,2025-05-15T16:02:06,i,hotel,reclamações,"i_booked_a_double_bed,_but_i_got_a_twin",True,2,1,word_shuffle_game,71d6947726d536b3
49d693204a063182,2025-05-15T16:02:07,booked,hotel,reclamações,"i_booked_a_double_bed,_but_i_got_a_twin",True,2,1,word_shuffle_game,71d6947726d536b3
49d693204a063182,2025-05-15T16:02:08,a,hotel,reclamações,"i_booked_a_double_bed,_but_i_got_a_twin",True,2,1,word_shuffle_game,71d6947726d536b3
49d693204a063182,2025-05-15T16:02:08,double,hotel,reclamações,"i_booked_a_double_bed,_but_i_got_a_twin",True,2,1,word_shuffle_game,71d6947726d536b3
49d693204a063182,2025-05-15T16:02:09,bed,hotel,reclamações,"i_booked_a_double_bed,_but_i_got_a_twin",True,2,1,word_shuffle_game,71d6947726d536b3
49d693204a063182,2025-05-15T16:02:09,but,hotel,reclamações,"i_booked_a_double_bed,_but_i_got_a_twin",True,2,1,word_shuffle_game,71d6947726d536b3
49d693204a063182,2025-05-15T16:02:10,i,hotel,reclamações,"i_booked_a_double_bed,_but_i_got_a_twin",True,2,1,word_shuffle_game,71d6947726d536b3
49d693204a063182,2025-05-15T16:02:11,got,hotel,reclamações,"i_booked_a_double_bed,_but_i_got_a_twin",True,2,1,word_shuffle_game,71d6947726d536b3
49d693204a063182,2025-05-15T16:02:11,a,hotel,reclamações,"i_booked_a_double_bed,_but_i_got_a_twin",True,2,1,word_shuffle_game,71d6947726d536b3
49d693204a063182,2025-05-15T16:02:12,twin,hotel,reclamações,"i_booked_a_double_bed,_but_i_got_a_twin",True,2,1,word_shuffle_game,71d6947726d536b3
49d693204a063182,2025-05-15T16:02:59,do,carro,conduzir_e_estacionar,do_you_know_these_road_signs,True,1,1,word_shuffle_game,2e5b3357d291d9d3
49d693204a063182,2025-05-15T16:03:00,you,carro,conduzir_e_estacionar,do_you_know_these_road_signs,True,1,1,word_shuffle_game,2e5b3357d291d9d3
49d693204a063182,2025-05-15T16:03:00,know,carro,conduzir_e_estacionar,do_you_know_these_road_signs,True,1,1,word_shuffle_game,2e5b3357d291d9d3
49d693204a063182,2025-05-15T16:03:01,these,carro,conduzir_e_estacionar,do_you_know_these_road_signs,True,1,1,word_shuffle_game,2e5b3357d291d9d3
49d693204a063182,2025-05-15T16:03:02,road,carro,conduzir_e_estacionar,do_you_know_these_road_signs,True,1,1,word_shuffle_game,2e5b3357d291d9d3
49d693204a063182,2025-05-15T16:03:50,signs,carro,conduzir_e_estacionar,do_you_know_these_road_signs,False,2,1,word_shuffle_game,2e5b3357d291d9d3
49d693204a063182,2025-05-15T16:04:07,still,comida_e_bebidas,bebidas_não_alcoólicas,still_water,True,0,1,word_shuffle_game,46909cf4688dd3aa
49d693204a063182,2025-05-15T16:04:07,water,comida_e_bebidas,bebidas_não_alcoólicas,still_water,True,0,1,word_shuffle_game,46909cf4688dd3aa
49d693204a063182,2025-05-15T16:07:55,her,outras_partes_do_discurso,pronomes,her,True,0,1,word_shuffle_game,4397891eeb1b9c27
49d693204a063182,2025-05-15T16:08:03,to,comunicações,telefones,to_call,True,0,1,word_shuffle_game,610ba87dcdf25b0d
49d693204a063182,2025-05-15T16:08:04,call,comunicações,telefones,to_call,True,0,1,word_shuffle_game,610ba87dcdf25b0d
49d693204a063182,2025-05-15T16:08:28,pretty,advérbios,advérbios_de_grau,pretty,True,1,1,word_shuffle_game,2b7c6a3680df9567
49d693204a063182,2025-05-15T16:08:38,to,verbos,verbos_de_estado,to_be,True,0,1,word_shuffle_game,24434c81e175eba0
49d693204a063182,2025-05-15T16:08:39,be,verbos,verbos_de_estado,to_be,True,0,1,word_shuffle_game,24434c81e175eba0
49d693204a063182,2025-05-15T16:08:48,mean,descrição_de_pessoas,caracteristicas_2,mean,True,1,1,word_shuffle_game,47900b15d85fe9d0
49d693204a063182,2025-05-15T16:09:04,are,avião,bagagem,are_you_checking_any_baggage,True,0,1,word_shuffle_game,70c87e006448933f
49d693204a063182,2025-05-15T16:09:05,you,avião,bagagem,are_you_checking_any_baggage,True,0,1,word_shuffle_game,70c87e006448933f
49d693204a063182,2025-05-15T16:09:25,checking,avião,bagagem,are_you_checking_any_baggage,True,2,1,word_shuffle_game,70c87e006448933f
49d693204a063182,2025-05-15T16:09:26,any,avião,bagagem,are_you_checking_any_baggage,True,2,1,word_shuffle_game,70c87e006448933f
49d693204a063182,2025-05-15T16:09:27,baggage,avião,bagagem,are_you_checking_any_baggage,True,2,1,word_shuffle_game,70c87e006448933f
49d693204a063182,2025-05-15T16:10:23,i'll,comida,carne_e_peixe,i'll_have_the_veal_cutlet_for_dinner,True,3,1,word_shuffle_game,f2531d75cb76a34
49d693204a063182,2025-05-15T16:10:24,have,comida,carne_e_peixe,i'll_have_the_veal_cutlet_for_dinner,True,3,1,word_shuffle_game,f2531d75cb76a34
49d693204a063182,2025-05-15T16:10:24,the,comida,carne_e_peixe,i'll_have_the_veal_cutlet_for_dinner,True,3,1,word_shuffle_game,f2531d75cb76a34
49d693204a063182,2025-05-15T16:10:27,for,comida,carne_e_peixe,i'll_have_the_veal_cutlet_for_dinner,True,3,1,word_shuffle_game,f2531d75cb76a34
49d693204a063182,2025-05-15T16:10:27,dinner,comida,carne_e_peixe,i'll_have_the_veal_cutlet_for_dinner,True,3,1,word_shuffle_game,f2531d75cb76a34
49d693204a063182,2025-05-15T16:11:26,cutlet,comida,carne_e_peixe,i'll_have_the_veal_cutlet_for_dinner,True,6,5,word_shuffle_game,f2531d75cb76a34
49d693204a063182,2025-05-15T16:12:45,veal,comida,carne_e_peixe,i'll_have_the_veal_cutlet_for_dinner,False,6,2,word_shuffle_game,f2531d75cb76a34
49d693204a063182,2025-05-15T16:12:55,see,corpo,ações,to_see,True,0,1,word_shuffle_game,7ae36c2ce17a3e96
49d693204a063182,2025-05-15T16:12:56,to,corpo,ações,to_see,True,0,1,word_shuffle_game,7ae36c2ce17a3e96
49d693204a063182,2025-05-15T16:13:46,i've,avião,reservar_um_voo,i've_come_to_collect_my_tickets,True,1,1,word_shuffle_game,750bf88539264266
49d693204a063182,2025-05-15T16:13:46,come,avião,reservar_um_voo,i've_come_to_collect_my_tickets,True,1,1,word_shuffle_game,750bf88539264266
49d693204a063182,2025-05-15T16:13:47,to,avião,reservar_um_voo,i've_come_to_collect_my_tickets,True,1,1,word_shuffle_game,750bf88539264266
49d693204a063182,2025-05-15T16:13:48,collect,avião,reservar_um_voo,i've_come_to_collect_my_tickets,True,1,1,word_shuffle_game,750bf88539264266
49d693204a063182,2025-05-15T16:13:48,my,avião,reservar_um_voo,i've_come_to_collect_my_tickets,True,1,1,word_shuffle_game,750bf88539264266
49d693204a063182,2025-05-15T16:13:49,tickets,avião,reservar_um_voo,i've_come_to_collect_my_tickets,True,1,1,word_shuffle_game,750bf88539264266
49d693204a063182,2025-05-15T16:14:40,stuffed,compras,loja_de_artigos_para_criança,stuffed_toy,True,5,1,word_shuffle_game,43053de4a25661ce
49d693204a063182,2025-05-15T16:14:43,toy,compras,loja_de_artigos_para_criança,stuffed_toy,True,5,1,word_shuffle_game,43053de4a25661ce
49d693204a063182,2025-05-15T16:14:53,in,outras_partes_do_discurso,preposições,in,True,0,1,word_shuffle_game,21151bc95fcac35c
1f31a5b73f5f8f7,2025-05-15T16:19:52,let's,fazer_amigos,organizar_um_encontro,let's_meet_in_the_lobby,True,1,1,word_shuffle_game,5bdae9218736a0a1
1f31a5b73f5f8f7,2025-05-15T16:19:52,meet,fazer_amigos,organizar_um_encontro,let's_meet_in_the_lobby,True,1,1,word_shuffle_game,5bdae9218736a0a1
1f31a5b73f5f8f7,2025-05-15T16:19:53,in,fazer_amigos,organizar_um_encontro,let's_meet_in_the_lobby,True,1,1,word_shuffle_game,5bdae9218736a0a1
1f31a5b73f5f8f7,2025-05-15T16:19:53,the,fazer_amigos,organizar_um_encontro,let's_meet_in_the_lobby,True,1,1,word_shuffle_game,5bdae9218736a0a1
1f31a5b73f5f8f7,2025-05-15T16:19:54,lobby,fazer_amigos,organizar_um_encontro,let's_meet_in_the_lobby,True,1,1,word_shuffle_game,5bdae9218736a0a1
1f31a5b73f5f8f7,2025-05-15T16:20:04,so,outras_partes_do_discurso,conjunções,so_that,True,1,1,word_shuffle_game,52aeb0e3c8cbe8b
1f31a5b73f5f8f7,2025-05-15T16:20:05,that,outras_partes_do_discurso,conjunções,so_that,True,1,1,word_shuffle_game,52aeb0e3c8cbe8b
1f31a5b73f5f8f7,2025-05-15T16:20:29,i,carro,aluguer_de_carro,i_do_not_need_insurance,True,1,1,word_shuffle_game,35252cf63497bdcc
1f31a5b73f5f8f7,2025-05-15T16:20:29,do,carro,aluguer_de_carro,i_do_not_need_insurance,True,1,1,word_shuffle_game,35252cf63497bdcc
1f31a5b73f5f8f7,2025-05-15T16:20:30,not,carro,aluguer_de_carro,i_do_not_need_insurance,True,1,1,word_shuffle_game,35252cf63497bdcc
1f31a5b73f5f8f7,2025-05-15T16:20:31,need,carro,aluguer_de_carro,i_do_not_need_insurance,True,1,1,word_shuffle_game,35252cf63497bdcc
1f31a5b73f5f8f7,2025-05-15T16:21:03,insurance,carro,aluguer_de_carro,i_do_not_need_insurance,False,5,1,word_shuffle_game,35252cf63497bdcc
1f31a5b73f5f8f7,2025-05-15T16:21:28,nut,comida_e_bebidas,grãos_nozes_e_sementes,nut,True,0,2,word_shuffle_game,1e79183b5e1f78c6
1f31a5b73f5f8f7,2025-05-15T16:21:54,can,saúde,no_dentista,can_you_fix_my_dentures,True,1,1,word_shuffle_game,f0ea6340a20c5b5
1f31a5b73f5f8f7,2025-05-15T16:21:55,you,saúde,no_dentista,can_you_fix_my_dentures,True,1,1,word_shuffle_game,f0ea6340a20c5b5
1f31a5b73f5f8f7,2025-05-15T16:21:55,fix,saúde,no_dentista,can_you_fix_my_dentures,True,1,1,word_shuffle_game,f0ea6340a20c5b5
1f31a5b73f5f8f7,2025-05-15T16:21:56,my,saúde,no_dentista,can_you_fix_my_dentures,True,1,1,word_shuffle_game,f0ea6340a20c5b5
1f31a5b73f5f8f7,2025-05-15T16:21:56,dentures,saúde,no_dentista,can_you_fix_my_dentures,True,1,1,word_shuffle_game,f0ea6340a20c5b5
1f31a5b73f5f8f7,2025-05-15T16:22:12,pretty,advérbios,advérbios_de_grau,pretty,True,2,1,word_shuffle_game,7d3f40ded669bea0
1f31a5b73f5f8f7,2025-05-15T16:22:20,on,outras_partes_do_discurso,preposições,on,True,0,1,word_shuffle_game,77dc4d476dbd3cc
1f31a5b73f5f8f7,2025-05-15T16:24:43,do,avião,bagagem,do_i_need_to_check_this_or_can_i_take_it_with_me,True,1,1,word_shuffle_game,6225b2a7251e3c6f
1f31a5b73f5f8f7,2025-05-15T16:24:44,i,avião,bagagem,do_i_need_to_check_this_or_can_i_take_it_with_me,True,1,1,word_shuffle_game,6225b2a7251e3c6f
1f31a5b73f5f8f7,2025-05-15T16:24:44,need,avião,bagagem,do_i_need_to_check_this_or_can_i_take_it_with_me,True,1,1,word_shuffle_game,6225b2a7251e3c6f
1f31a5b73f5f8f7,2025-05-15T16:24:45,to,avião,bagagem,do_i_need_to_check_this_or_can_i_take_it_with_me,True,1,1,word_shuffle_game,6225b2a7251e3c6f
1f31a5b73f5f8f7,2025-05-15T16:24:45,check,avião,bagagem,do_i_need_to_check_this_or_can_i_take_it_with_me,True,1,1,word_shuffle_game,6225b2a7251e3c6f
1f31a5b73f5f8f7,2025-05-15T16:24:45,this,avião,bagagem,do_i_need_to_check_this_or_can_i_take_it_with_me,True,1,1,word_shuffle_game,6225b2a7251e3c6f
1f31a5b73f5f8f7,2025-05-15T16:24:46,or,avião,bagagem,do_i_need_to_check_this_or_can_i_take_it_with_me,True,1,1,word_shuffle_game,6225b2a7251e3c6f
1f31a5b73f5f8f7,2025-05-15T16:24:46,can,avião,bagagem,do_i_need_to_check_this_or_can_i_take_it_with_me,True,1,1,word_shuffle_game,6225b2a7251e3c6f
1f31a5b73f5f8f7,2025-05-15T16:24:47,i,avião,bagagem,do_i_need_to_check_this_or_can_i_take_it_with_me,True,1,1,word_shuffle_game,6225b2a7251e3c6f
1f31a5b73f5f8f7,2025-05-15T16:24:47,take,avião,bagagem,do_i_need_to_check_this_or_can_i_take_it_with_me,True,1,1,word_shuffle_game,6225b2a7251e3c6f
1f31a5b73f5f8f7,2025-05-15T16:24:47,it,avião,bagagem,do_i_need_to_check_this_or_can_i_take_it_with_me,True,1,1,word_shuffle_game,6225b2a7251e3c6f
1f31a5b73f5f8f7,2025-05-15T16:24:49,with,avião,bagagem,do_i_need_to_check_this_or_can_i_take_it_with_me,True,1,1,word_shuffle_game,6225b2a7251e3c6f
1f31a5b73f5f8f7,2025-05-15T16:24:49,me,avião,bagagem,do_i_need_to_check_this_or_can_i_take_it_with_me,True,1,1,word_shuffle_game,6225b2a7251e3c6f
1f31a5b73f5f8f7,2025-05-15T16:25:01,to,transportes,transportes_aéreos,to_take_off,True,0,1,word_shuffle_game,444d29ade8624ec7
1f31a5b73f5f8f7,2025-05-15T16:25:02,take,transportes,transportes_aéreos,to_take_off,True,0,1,word_shuffle_game,444d29ade8624ec7
1f31a5b73f5f8f7,2025-05-15T16:25:09,off,transportes,transportes_aéreos,to_take_off,True,0,2,word_shuffle_game,444d29ade8624ec7
1f31a5b73f5f8f7,2025-05-15T16:25:17,neck,corpo,membros_do_corpo,neck,True,0,1,word_shuffle_game,17f932f56886e3f0
1f31a5b73f5f8f7,2025-05-15T16:25:35,cover,cultura,livros,cover,True,1,1,word_shuffle_game,3c6210d9133e0b2d
1f31a5b73f5f8f7,2025-05-15T16:26:09,what,compras,acessórios,what_material_is_it_made_of,True,0,1,word_shuffle_game,742ad9c0a9879c87
1f31a5b73f5f8f7,2025-05-15T16:26:10,material,compras,acessórios,what_material_is_it_made_of,True,0,1,word_shuffle_game,742ad9c0a9879c87
1f31a5b73f5f8f7,2025-05-15T16:26:10,is,compras,acessórios,what_material_is_it_made_of,True,0,1,word_shuffle_game,742ad9c0a9879c87
1f31a5b73f5f8f7,2025-05-15T16:26:11,it,compras,acessórios,what_material_is_it_made_of,True,0,1,word_shuffle_game,742ad9c0a9879c87
1f31a5b73f5f8f7,2025-05-15T16:26:11,made,compras,acessórios,what_material_is_it_made_of,True,0,1,word_shuffle_game,742ad9c0a9879c87
1f31a5b73f5f8f7,2025-05-15T16:26:12,of,compras,acessórios,what_material_is_it_made_of,True,0,1,word_shuffle_game,742ad9c0a9879c87
1f31a5b73f5f8f7,2025-05-15T16:26:17,back,adjetivos,pares_1,back,True,0,1,word_shuffle_game,94d1995d8114621
1f31a5b73f5f8f7,2025-05-15T16:26:53,do,educação,na_escola,do_you_have_a_pen_i_could_borrow,True,0,1,word_shuffle_game,61855e94a70463af
1f31a5b73f5f8f7,2025-05-15T16:26:53,you,educação,na_escola,do_you_have_a_pen_i_could_borrow,True,0,1,word_shuffle_game,61855e94a70463af
1f31a5b73f5f8f7,2025-05-15T16:26:54,have,educação,na_escola,do_you_have_a_pen_i_could_borrow,True,0,1,word_shuffle_game,61855e94a70463af
1f31a5b73f5f8f7,2025-05-15T16:26:54,a,educação,na_escola,do_you_have_a_pen_i_could_borrow,True,0,1,word_shuffle_game,61855e94a70463af
1f31a5b73f5f8f7,2025-05-15T16:26:55,pen,educação,na_escola,do_you_have_a_pen_i_could_borrow,True,0,1,word_shuffle_game,61855e94a70463af
1f31a5b73f5f8f7,2025-05-15T16:26:55,i,educação,na_escola,do_you_have_a_pen_i_could_borrow,True,0,1,word_shuffle_game,61855e94a70463af
1f31a5b73f5f8f7,2025-05-15T16:26:56,could,educação,na_escola,do_you_have_a_pen_i_could_borrow,True,0,1,word_shuffle_game,61855e94a70463af
1f31a5b73f5f8f7,2025-05-15T16:27:41,borrow,educação,na_escola,do_you_have_a_pen_i_could_borrow,True,3,2,word_shuffle_game,61855e94a70463af
1f31a5b73f5f8f7,2025-05-15T16:27:50,they,outras_partes_do_discurso,pronomes,they,True,0,1,word_shuffle_game,2a8bebdc1f17a44f
1f31a5b73f5f8f7,2025-05-15T16:27:56,hood,transportes,peças_de_carro,hood,True,0,1,word_shuffle_game,19053f7c66927f14
1f31a5b73f5f8f7,2025-05-15T16:28:02,ship,transportes,transportes_aquaticos,ship,True,0,1,word_shuffle_game,214a2230185e64e7
1f31a5b73f5f8f7,2025-05-15T16:28:20,last,pessoas,identidade,last_name,True,1,1,word_shuffle_game,716ecbeeccefc177
1f31a5b73f5f8f7,2025-05-15T16:28:21,name,pessoas,identidade,last_name,True,1,1,word_shuffle_game,716ecbeeccefc177
1f31a5b73f5f8f7,2025-05-15T16:29:13,then,compras,pagamento_&_devoluções,then_i_will_go_someplace_else,True,1,1,word_shuffle_game,767d9a83284302e8
1f31a5b73f5f8f7,2025-05-15T16:29:13,i,compras,pagamento_&_devoluções,then_i_will_go_someplace_else,True,1,1,word_shuffle_game,767d9a83284302e8
1f31a5b73f5f8f7,2025-05-15T16:29:14,will,compras,pagamento_&_devoluções,then_i_will_go_someplace_else,True,1,1,word_shuffle_game,767d9a83284302e8
1f31a5b73f5f8f7,2025-05-15T16:29:15,go,compras,pagamento_&_devoluções,then_i_will_go_someplace_else,True,1,1,word_shuffle_game,767d9a83284302e8
1f31a5b73f5f8f7,2025-05-15T16:30:03,someplace,compras,pagamento_&_devoluções,then_i_will_go_someplace_else,True,4,1,word_shuffle_game,767d9a83284302e8
1f31a5b73f5f8f7,2025-05-15T16:30:56,else,compras,pagamento_&_devoluções,then_i_will_go_someplace_else,False,6,2,word_shuffle_game,767d9a83284302e8
1f31a5b73f5f8f7,2025-05-15T16:31:59,i,hotel,reclamações,"i_booked_a_double_bed,_but_i_got_a_twin",True,2,1,word_shuffle_game,1c03a34142bec3e1
1f31a5b73f5f8f7,2025-05-15T16:32:00,booked,hotel,reclamações,"i_booked_a_double_bed,_but_i_got_a_twin",True,2,1,word_shuffle_game,1c03a34142bec3e1
1f31a5b73f5f8f7,2025-05-15T16:32:01,a,hotel,reclamações,"i_booked_a_double_bed,_but_i_got_a_twin",True,2,1,word_shuffle_game,1c03a34142bec3e1
1f31a5b73f5f8f7,2025-05-15T16:32:01,double,hotel,reclamações,"i_booked_a_double_bed,_but_i_got_a_twin",True,2,1,word_shuffle_game,1c03a34142bec3e1
1f31a5b73f5f8f7,2025-05-15T16:32:04,but,hotel,reclamações,"i_booked_a_double_bed,_but_i_got_a_twin",True,2,1,word_shuffle_game,1c03a34142bec3e1
1f31a5b73f5f8f7,2025-05-15T16:32:04,i,hotel,reclamações,"i_booked_a_double_bed,_but_i_got_a_twin",True,2,1,word_shuffle_game,1c03a34142bec3e1
1f31a5b73f5f8f7,2025-05-15T16:32:05,got,hotel,reclamações,"i_booked_a_double_bed,_but_i_got_a_twin",True,2,1,word_shuffle_game,1c03a34142bec3e1
1f31a5b73f5f8f7,2025-05-15T16:32:05,a,hotel,reclamações,"i_booked_a_double_bed,_but_i_got_a_twin",True,2,1,word_shuffle_game,1c03a34142bec3e1
1f31a5b73f5f8f7,2025-05-15T16:32:06,twin,hotel,reclamações,"i_booked_a_double_bed,_but_i_got_a_twin",True,2,1,word_shuffle_game,1c03a34142bec3e1
1f31a5b73f5f8f7,2025-05-15T16:32:10,bed,hotel,reclamações,"i_booked_a_double_bed,_but_i_got_a_twin",True,2,2,word_shuffle_game,1c03a34142bec3e1
1f31a5b73f5f8f7,2025-05-15T16:32:50,he,fazer_amigos,descrever_pessoas,he_has_black_hair_and_green_eyes,True,2,1,word_shuffle_game,68b666b92b2fc435
1f31a5b73f5f8f7,2025-05-15T16:32:51,has,fazer_amigos,descrever_pessoas,he_has_black_hair_and_green_eyes,True,2,1,word_shuffle_game,68b666b92b2fc435
1f31a5b73f5f8f7,2025-05-15T16:32:52,black,fazer_amigos,descrever_pessoas,he_has_black_hair_and_green_eyes,True,2,1,word_shuffle_game,68b666b92b2fc435
1f31a5b73f5f8f7,2025-05-15T16:32:53,hair,fazer_amigos,descrever_pessoas,he_has_black_hair_and_green_eyes,True,2,1,word_shuffle_game,68b666b92b2fc435
1f31a5b73f5f8f7,2025-05-15T16:32:54,and,fazer_amigos,descrever_pessoas,he_has_black_hair_and_green_eyes,True,2,1,word_shuffle_game,68b666b92b2fc435
1f31a5b73f5f8f7,2025-05-15T16:32:54,green,fazer_amigos,descrever_pessoas,he_has_black_hair_and_green_eyes,True,2,1,word_shuffle_game,68b666b92b2fc435
1f31a5b73f5f8f7,2025-05-15T16:32:55,eyes,fazer_amigos,descrever_pessoas,he_has_black_hair_and_green_eyes,True,2,1,word_shuffle_game,68b666b92b2fc435
1f31a5b73f5f8f7,2025-05-15T16:33:00,today,advérbios,de_tempo_e_frequência,today,True,0,1,word_shuffle_game,5f21d450c673ac8f
1f31a5b73f5f8f7,2025-05-15T16:33:09,to,corpo,ações,to_put,True,0,1,word_shuffle_game,da8985f672c06ca
1f31a5b73f5f8f7,2025-05-15T16:33:10,put,corpo,ações,to_put,True,0,1,word_shuffle_game,da8985f672c06ca
1f31a5b73f5f8f7,2025-05-15T16:33:15,it,outras_partes_do_discurso,pronomes,it,True,0,1,word_shuffle_game,5dd5d2d508033596
1f31a5b73f5f8f7,2025-05-15T16:33:22,to,verbos,comunicação,to_tell,True,0,1,word_shuffle_game,254f14b25974056a
1f31a5b73f5f8f7,2025-05-15T16:33:22,tell,verbos,comunicação,to_tell,True,0,1,word_shuffle_game,254f14b25974056a
58658afe1d0d6496,2025-05-15T17:05:47,division,educação,matematica,sion_i,True,2,1,word_shuffle_game,2cdca4e0a2969aa5
58658afe1d0d6496,2025-05-15T17:06:13,sign,educação,matematica,sion_i,True,3,3,word_shuffle_game,2cdca4e0a2969aa5
58658afe1d0d6496,2025-05-15T17:08:18,follow,viagem,dar_indicações,follow_the_signs_for_downtown,True,1,2,word_shuffle_game,7dade620302c5ec3
58658afe1d0d6496,2025-05-15T17:08:20,the,viagem,dar_indicações,follow_the_signs_for_downtown,True,1,1,word_shuffle_game,7dade620302c5ec3
58658afe1d0d6496,2025-05-15T17:08:21,signs,viagem,dar_indicações,follow_the_signs_for_downtown,True,1,1,word_shuffle_game,7dade620302c5ec3
58658afe1d0d6496,2025-05-15T17:08:22,for,viagem,dar_indicações,follow_the_signs_for_downtown,True,1,1,word_shuffle_game,7dade620302c5ec3
58658afe1d0d6496,2025-05-15T17:09:40,downtown,viagem,dar_indicações,follow_the_signs_for_downtown,False,2,2,word_shuffle_game,7dade620302c5ec3
58658afe1d0d6496,2025-05-15T17:10:05,to,corpo,ações,to_watch,True,0,1,word_shuffle_game,2653a5f3a3e73836
58658afe1d0d6496,2025-05-15T17:10:08,watch,corpo,ações,to_watch,True,0,1,word_shuffle_game,2653a5f3a3e73836
58658afe1d0d6496,2025-05-15T17:10:49,do,comida,comida_para_o_pequeno_almoço,do_you_eat_croissants_every_day,True,1,1,word_shuffle_game,6cb2545e93ea9383
58658afe1d0d6496,2025-05-15T17:10:49,you,comida,comida_para_o_pequeno_almoço,do_you_eat_croissants_every_day,True,1,1,word_shuffle_game,6cb2545e93ea9383
58658afe1d0d6496,2025-05-15T17:10:50,eat,comida,comida_para_o_pequeno_almoço,do_you_eat_croissants_every_day,True,1,1,word_shuffle_game,6cb2545e93ea9383
58658afe1d0d6496,2025-05-15T17:10:51,croissants,comida,comida_para_o_pequeno_almoço,do_you_eat_croissants_every_day,True,1,1,word_shuffle_game,6cb2545e93ea9383
58658afe1d0d6496,2025-05-15T17:10:51,every,comida,comida_para_o_pequeno_almoço,do_you_eat_croissants_every_day,True,1,1,word_shuffle_game,6cb2545e93ea9383
58658afe1d0d6496,2025-05-15T17:10:52,day,comida,comida_para_o_pequeno_almoço,do_you_eat_croissants_every_day,True,1,1,word_shuffle_game,6cb2545e93ea9383
58658afe1d0d6496,2025-05-15T17:11:22,the,carro,conduzir_e_estacionar,the_traffic_was_terrible_today,True,1,1,word_shuffle_game,58fe31fde022589a
58658afe1d0d6496,2025-05-15T17:11:24,was,carro,conduzir_e_estacionar,the_traffic_was_terrible_today,True,1,1,word_shuffle_game,58fe31fde022589a
58658afe1d0d6496,2025-05-15T17:11:26,today,carro,conduzir_e_estacionar,the_traffic_was_terrible_today,True,1,1,word_shuffle_game,58fe31fde022589a
58658afe1d0d6496,2025-05-15T17:11:36,traffic,carro,conduzir_e_estacionar,the_traffic_was_terrible_today,True,1,2,word_shuffle_game,58fe31fde022589a
58658afe1d0d6496,2025-05-15T17:12:12,terrible,carro,conduzir_e_estacionar,the_traffic_was_terrible_today,True,1,2,word_shuffle_game,58fe31fde022589a
